#
# A fatal error has been detected by the Java Runtime Environment:
#
#  EXCEPTION_ACCESS_VIOLATION (0xc0000005) at pc=0x0000000000000000, pid=4120, tid=2192
#
# JRE version: Java(TM) SE Runtime Environment Oracle GraalVM 21.0.7+8.1 (21.0.7+8) (build 21.0.7+8-LTS-jvmci-23.1-b60)
# Java VM: Java HotSpot(TM) 64-Bit Server VM Oracle GraalVM 21.0.7+8.1 (21.0.7+8-LTS-jvmci-23.1-b60, mixed mode, sharing, tiered, jvmci, jvmci compiler, compressed oops, compressed class ptrs, g1 gc, windows-amd64)
# Problematic frame:
# C  [lwjgl_nuklear.dll+0x369de]
#
# No core dump will be written. Minidumps are not enabled by default on client versions of Windows
#
# If you would like to submit a bug report, please visit:
#   https://bugreport.java.com/bugreport/crash.jsp
# The crash happened outside the Java Virtual Machine in native code.
# See problematic frame for where to report the bug.
#

---------------  S U M M A R Y ------------

Command Line: -XX:ThreadPriorityPolicy=1 -XX:+UnlockExperimentalVMOptions -XX:+EnableJVMCIProduct -XX:-UnlockExperimentalVMOptions -Xmx2g -Dfile.encoding=UTF-8 -Duser.country=RU -Duser.language=ru -Duser.variant org.example.Main

Host: AMD Ryzen 5 PRO 3500U w/ Radeon Vega Mobile Gfx, 8 cores, 13G,  Windows 11 , 64 bit Build 26100 (10.0.26100.6725)
Time: Tue Sep 30 22:11:47 2025 RTZ 4 (s 11 , 64 bit Build 26100 (10.0.26100.6725) elapsed time: 6.464367 seconds (0d 0h 0m 6s)

---------------  T H R E A D  ---------------

Current thread (0x00000198f035b2e0):  JavaThread "main"             [_thread_in_native, id=2192, stack(0x00000002e1b00000,0x00000002e1c00000) (1024K)]

Stack: [0x00000002e1b00000,0x00000002e1c00000],  sp=0x00000002e1bff4b0,  free space=1021k
Native frames: (J=compiled Java code, j=interpreted, Vv=VM code, C=native code)

Java frames: (J=compiled Java code, j=interpreted, Vv=VM code)
j  org.lwjgl.nuklear.Nuklear.nnk_buffer_init(JJJ)V+0
j  org.lwjgl.nuklear.Nuklear.nk_buffer_init(Lorg/lwjgl/nuklear/NkBuffer;Lorg/lwjgl/nuklear/NkAllocator;J)V+9
j  org.example.Main.initNuklear()V+100
j  org.example.Main.init()V+141
j  org.example.Main.run()V+1
j  org.example.Main.main([Ljava/lang/String;)V+52
v  ~StubRoutines::call_stub 0x00000198874a100d

siginfo: EXCEPTION_ACCESS_VIOLATION (0xc0000005), data execution prevention violation at address 0x0000000000000000


Registers:
RAX=0x0000000000000000, RBX=0x00000198ff8ec5f0, RCX=0x0000000000000000, RDX=0x0000000000000000
RSP=0x00000002e1bff4a8, RBP=0x00000002e1bff578, RSI=0x0000000000001000, RDI=0x00000198ffa3e570
R8 =0x0000000000001000, R9 =0x00000198ffa3e570, R10=0x00000198874ac95c, R11=0x000000008cfbfcf8
R12=0x0000000000000000, R13=0x00000198d06b9eb0, R14=0x00000002e1bff5c0, R15=0x00000198f035b2e0
RIP=0x0000000000000000, EFLAGS=0x0000000000010246


Register to memory mapping:

RAX=0x0 is null
RBX=0x00000198ff8ec5f0 points into unknown readable memory: 0x0000000000000000 | 00 00 00 00 00 00 00 00
RCX=0x0 is null
RDX=0x0 is null
RSP=0x00000002e1bff4a8 is pointing into the stack for thread: 0x00000198f035b2e0
RBP=0x00000002e1bff578 is pointing into the stack for thread: 0x00000198f035b2e0
RSI=0x0000000000001000 is an unknown value
RDI=0x00000198ffa3e570 points into unknown readable memory: 0x0000000000000000 | 00 00 00 00 00 00 00 00
R8 =0x0000000000001000 is an unknown value
R9 =0x00000198ffa3e570 points into unknown readable memory: 0x0000000000000000 | 00 00 00 00 00 00 00 00
R10=0x00000198874ac95c is at code_begin+1020 in an Interpreter codelet
native method entry point (kind = native)  [0x00000198874ac560, 0x00000198874ad088]  2856 bytes
R11=0x000000008cfbfcf8 is an oop: java.lang.Class 
{0x000000008cfbfcf8} - klass: 'java/lang/Class'
 - ---- fields (total size 169 words):
 - private volatile transient 'classRedefinedCount' 'I' @12  0 (0x00000000)
 - injected 'klass' 'J' @16  1754762740344 (0x0000019890028278)
 - injected 'array_klass' 'J' @24  0 (0x0000000000000000)
 - injected 'oop_size' 'I' @32  169 (0x000000a9)
 - injected 'static_oop_field_count' 'I' @36  0 (0x00000000)
 - private volatile transient 'cachedConstructor' 'Ljava/lang/reflect/Constructor;' @40  null (0x00000000)
 - private transient 'name' 'Ljava/lang/String;' @44  "org.lwjgl.nuklear.Nuklear"{0x000000008cfc0250} (0x8cfc0250)
 - private transient 'module' 'Ljava/lang/Module;' @48  a 'java/lang/Module'{0x000000008dd256e8} (0x8dd256e8)
 - private final 'classLoader' 'Ljava/lang/ClassLoader;' @52  a 'jdk/internal/loader/ClassLoaders$AppClassLoader'{0x000000008dd25528} (0x8dd25528)
 - private transient 'classData' 'Ljava/lang/Object;' @56  null (0x00000000)
 - private transient 'packageName' 'Ljava/lang/String;' @60  "org.lwjgl.nuklear"{0x000000008d2f1018} (0x8d2f1018)
 - private final 'componentType' 'Ljava/lang/Class;' @64  null (0x00000000)
 - private volatile transient 'reflectionData' 'Ljava/lang/ref/SoftReference;' @68  null (0x00000000)
 - private volatile transient 'genericInfo' 'Lsun/reflect/generics/repository/ClassRepository;' @72  null (0x00000000)
 - private volatile transient 'enumConstants' '[Ljava/lang/Object;' @76  null (0x00000000)
 - private volatile transient 'enumConstantDirectory' 'Ljava/util/Map;' @80  null (0x00000000)
 - private volatile transient 'annotationData' 'Ljava/lang/Class$AnnotationData;' @84  null (0x00000000)
 - private volatile transient 'annotationType' 'Lsun/reflect/annotation/AnnotationType;' @88  null (0x00000000)
 - transient 'classValueMap' 'Ljava/lang/ClassValue$ClassValueMap;' @92  a 'java/lang/ClassValue$ClassValueMap'{0x000000008cfcd950} (0x8cfcd950)
 - injected 'protection_domain' 'Ljava/lang/Object;' @96  a 'java/security/ProtectionDomain'{0x000000008d2fb240} (0x8d2fb240)
 - injected 'signers_name' 'Ljava/lang/Object;' @100  null (0x00000000)
 - injected 'source_file' 'Ljava/lang/Object;' @104  null (0x00000000)
 - injected '<init_lock>' 'Ljava/lang/Object;' @108  null (0x00000000)
 - signature: Lorg/lwjgl/nuklear/Nuklear;
 - ---- static fields (0):
 - public static final 'NK_UTF_INVALID' 'I' @112  65533 (0x0000fffd)
 - public static final 'NK_UTF_SIZE' 'I' @116  4 (0x00000004)
 - public static final 'NK_INPUT_MAX' 'I' @120  16 (0x00000010)
 - public static final 'NK_MAX_NUMBER_BUFFER' 'I' @124  64 (0x00000040)
 - public static final 'NK_UNDEFINED' 'F' @128  -1.000000 (0xbf800000)
 - public static final 'NK_SCROLLBAR_HIDING_TIMEOUT' 'F' @132  4.000000 (0x40800000)
 - public static final 'NK_WIDGET_DISABLED_FACTOR' 'F' @136  0.500000 (0x3f000000)
 - public static final 'NK_TEXTEDIT_UNDOSTATECOUNT' 'I' @140  99 (0x00000063)
 - public static final 'NK_TEXTEDIT_UNDOCHARCOUNT' 'I' @144  999 (0x000003e7)
 - public static final 'NK_MAX_LAYOUT_ROW_TEMPLATE_COLUMNS' 'I' @148  16 (0x00000010)
 - public static final 'NK_CHART_MAX_SLOT' 'I' @152  4 (0x00000004)
 - public static final 'NK_WINDOW_MAX_NAME' 'I' @156  64 (0x00000040)
 - public static final 'NK_BUTTON_BEHAVIOR_STACK_SIZE' 'I' @160  8 (0x00000008)
 - public static final 'NK_FONT_STACK_SIZE' 'I' @164  8 (0x00000008)
 - public static final 'NK_STYLE_ITEM_STACK_SIZE' 'I' @168  16 (0x00000010)
 - public static final 'NK_FLOAT_STACK_SIZE' 'I' @172  32 (0x00000020)
 - public static final 'NK_VECTOR_STACK_SIZE' 'I' @176  16 (0x00000010)
 - public static final 'NK_FLAGS_STACK_SIZE' 'I' @180  32 (0x00000020)
 - public static final 'NK_COLOR_STACK_SIZE' 'I' @184  32 (0x00000020)
 - public static final 'nk_false' 'I' @188  0 (0x00000000)
 - public static final 'nk_true' 'I' @192  1 (0x00000001)
 - public static final 'NK_UP' 'I' @196  0 (0x00000000)
 - public static final 'NK_RIGHT' 'I' @200  1 (0x00000001)
 - public static final 'NK_DOWN' 'I' @204  2 (0x00000002)
 - public static final 'NK_LEFT' 'I' @208  3 (0x00000003)
 - public static final 'NK_BUTTON_DEFAULT' 'I' @212  0 (0x00000000)
 - public static final 'NK_BUTTON_REPEATER' 'I' @216  1 (0x00000001)
 - public static final 'NK_FIXED' 'I' @220  0 (0x00000000)
 - public static final 'NK_MODIFIABLE' 'I' @224  1 (0x00000001)
 - public static final 'NK_VERTICAL' 'I' @228  0 (0x00000000)
 - public static final 'NK_HORIZONTAL' 'I' @232  1 (0x00000001)
 - public static final 'NK_MINIMIZED' 'I' @236  0 (0x00000000)
 - public static final 'NK_MAXIMIZED' 'I' @240  1 (0x00000001)
 - public static final 'NK_HIDDEN' 'I' @244  0 (0x00000000)
 - public static final 'NK_SHOWN' 'I' @248  1 (0x00000001)
 - public static final 'NK_CHART_LINES' 'I' @252  0 (0x00000000)
 - public static final 'NK_CHART_COLUMN' 'I' @256  1 (0x00000001)
 - public static final 'NK_CHART_MAX' 'I' @260  2 (0x00000002)
 - public static final 'NK_CHART_HOVERING' 'I' @264  1 (0x00000001)
 - public static final 'NK_CHART_CLICKED' 'I' @268  2 (0x00000002)
 - public static final 'NK_RGB' 'I' @272  0 (0x00000000)
 - public static final 'NK_RGBA' 'I' @276  1 (0x00000001)
 - public static final 'NK_POPUP_STATIC' 'I' @280  0 (0x00000000)
 - public static final 'NK_POPUP_DYNAMIC' 'I' @284  1 (0x00000001)
 - public static final 'NK_DYNAMIC' 'I' @288  0 (0x00000000)
 - public static final 'NK_STATIC' 'I' @292  1 (0x00000001)
 - public static final 'NK_TREE_NODE' 'I' @296  0 (0x00000000)
 - public static final 'NK_TREE_TAB' 'I' @300  1 (0x00000001)
 - public static final 'NK_ANTI_ALIASING_OFF' 'I' @304  0 (0x00000000)
 - public static final 'NK_ANTI_ALIASING_ON' 'I' @308  1 (0x00000001)
 - public static final 'NK_CONVERT_SUCCESS' 'I' @312  0 (0x00000000)
 - public static final 'NK_CONVERT_INVALID_PARAM' 'I' @316  1 (0x00000001)
 - public static final 'NK_CONVERT_COMMAND_BUFFER_FULL' 'I' @320  2 (0x00000002)
 - public static final 'NK_CONVERT_VERTEX_BUFFER_FULL' 'I' @324  4 (0x00000004)
 - public static final 'NK_CONVERT_ELEMENT_BUFFER_FULL' 'I' @328  8 (0x00000008)
 - public static final 'NK_SYMBOL_NONE' 'I' @332  0 (0x00000000)
 - public static final 'NK_SYMBOL_X' 'I' @336  1 (0x00000001)
 - public static final 'NK_SYMBOL_UNDERSCORE' 'I' @340  2 (0x00000002)
 - public static final 'NK_SYMBOL_CIRCLE_SOLID' 'I' @344  3 (0x00000003)
 - public static final 'NK_SYMBOL_CIRCLE_OUTLINE' 'I' @348  4 (0x00000004)
 - public static final 'NK_SYMBOL_RECT_SOLID' 'I' @352  5 (0x00000005)
 - public static final 'NK_SYMBOL_RECT_OUTLINE' 'I' @356  6 (0x00000006)
 - public static final 'NK_SYMBOL_TRIANGLE_UP' 'I' @360  7 (0x00000007)
 - public static final 'NK_SYMBOL_TRIANGLE_DOWN' 'I' @364  8 (0x00000008)
 - public static final 'NK_SYMBOL_TRIANGLE_LEFT' 'I' @368  9 (0x00000009)
 - public static final 'NK_SYMBOL_TRIANGLE_RIGHT' 'I' @372  10 (0x0000000a)
 - public static final 'NK_SYMBOL_PLUS' 'I' @376  11 (0x0000000b)
 - public static final 'NK_SYMBOL_MINUS' 'I' @380  12 (0x0000000c)
 - public static final 'NK_SYMBOL_TRIANGLE_UP_OUTLINE' 'I' @384  13 (0x0000000d)
 - public static final 'NK_SYMBOL_TRIANGLE_DOWN_OUTLINE' 'I' @388  14 (0x0000000e)
 - public static final 'NK_SYMBOL_TRIANGLE_LEFT_OUTLINE' 'I' @392  15 (0x0000000f)
 - public static final 'NK_SYMBOL_TRIANGLE_RIGHT_OUTLINE' 'I' @396  16 (0x00000010)
 - public static final 'NK_SYMBOL_MAX' 'I' @400  17 (0x00000011)
 - public static final 'NK_KEY_NONE' 'I' @404  0 (0x00000000)
 - public static final 'NK_KEY_SHIFT' 'I' @408  1 (0x00000001)
 - public static final 'NK_KEY_CTRL' 'I' @412  2 (0x00000002)
 - public static final 'NK_KEY_DEL' 'I' @416  3 (0x00000003)
 - public static final 'NK_KEY_ENTER' 'I' @420  4 (0x00000004)
 - public static final 'NK_KEY_TAB' 'I' @424  5 (0x00000005)
 - public static final 'NK_KEY_BACKSPACE' 'I' @428  6 (0x00000006)
 - public static final 'NK_KEY_COPY' 'I' @432  7 (0x00000007)
 - public static final 'NK_KEY_CUT' 'I' @436  8 (0x00000008)
 - public static final 'NK_KEY_PASTE' 'I' @440  9 (0x00000009)
 - public static final 'NK_KEY_UP' 'I' @444  10 (0x0000000a)
 - public static final 'NK_KEY_DOWN' 'I' @448  11 (0x0000000b)
 - public static final 'NK_KEY_LEFT' 'I' @452  12 (0x0000000c)
 - public static final 'NK_KEY_RIGHT' 'I' @456  13 (0x0000000d)
 - public static final 'NK_KEY_TEXT_INSERT_MODE' 'I' @460  14 (0x0000000e)
 - public static final 'NK_KEY_TEXT_REPLACE_MODE' 'I' @464  15 (0x0000000f)
 - public static final 'NK_KEY_TEXT_RESET_MODE' 'I' @468  16 (0x00000010)
 - public static final 'NK_KEY_TEXT_LINE_START' 'I' @472  17 (0x00000011)
 - public static final 'NK_KEY_TEXT_LINE_END' 'I' @476  18 (0x00000012)
 - public static final 'NK_KEY_TEXT_START' 'I' @480  19 (0x00000013)
 - public static final 'NK_KEY_TEXT_END' 'I' @484  20 (0x00000014)
 - public static final 'NK_KEY_TEXT_UNDO' 'I' @488  21 (0x00000015)
 - public static final 'NK_KEY_TEXT_REDO' 'I' @492  22 (0x00000016)
 - public static final 'NK_KEY_TEXT_SELECT_ALL' 'I' @496  23 (0x00000017)
 - public static final 'NK_KEY_TEXT_WORD_LEFT' 'I' @500  24 (0x00000018)
 - public static final 'NK_KEY_TEXT_WORD_RIGHT' 'I' @504  25 (0x00000019)
 - public static final 'NK_KEY_SCROLL_START' 'I' @508  26 (0x0000001a)
 - public static final 'NK_KEY_SCROLL_END' 'I' @512  27 (0x0000001b)
 - public static final 'NK_KEY_SCROLL_DOWN' 'I' @516  28 (0x0000001c)
 - public static final 'NK_KEY_SCROLL_UP' 'I' @520  29 (0x0000001d)
 - public static final 'NK_KEY_MAX' 'I' @524  30 (0x0000001e)
 - public static final 'NK_BUTTON_LEFT' 'I' @528  0 (0x00000000)
 - public static final 'NK_BUTTON_MIDDLE' 'I' @532  1 (0x00000001)
 - public static final 'NK_BUTTON_RIGHT' 'I' @536  2 (0x00000002)
 - public static final 'NK_BUTTON_DOUBLE' 'I' @540  3 (0x00000003)
 - public static final 'NK_BUTTON_MAX' 'I' @544  4 (0x00000004)
 - public static final 'NK_COLOR_TEXT' 'I' @548  0 (0x00000000)
 - public static final 'NK_COLOR_WINDOW' 'I' @552  1 (0x00000001)
 - public static final 'NK_COLOR_HEADER' 'I' @556  2 (0x00000002)
 - public static final 'NK_COLOR_BORDER' 'I' @560  3 (0x00000003)
 - public static final 'NK_COLOR_BUTTON' 'I' @564  4 (0x00000004)
 - public static final 'NK_COLOR_BUTTON_HOVER' 'I' @568  5 (0x00000005)
 - public static final 'NK_COLOR_BUTTON_ACTIVE' 'I' @572  6 (0x00000006)
 - public static final 'NK_COLOR_TOGGLE' 'I' @576  7 (0x00000007)
 - public static final 'NK_COLOR_TOGGLE_HOVER' 'I' @580  8 (0x00000008)
 - public static final 'NK_COLOR_TOGGLE_CURSOR' 'I' @584  9 (0x00000009)
 - public static final 'NK_COLOR_SELECT' 'I' @588  10 (0x0000000a)
 - public static final 'NK_COLOR_SELECT_ACTIVE' 'I' @592  11 (0x0000000b)
 - public static final 'NK_COLOR_SLIDER' 'I' @596  12 (0x0000000c)
 - public static final 'NK_COLOR_SLIDER_CURSOR' 'I' @600  13 (0x0000000d)
 - public static final 'NK_COLOR_SLIDER_CURSOR_HOVER' 'I' @604  14 (0x0000000e)
 - public static final 'NK_COLOR_SLIDER_CURSOR_ACTIVE' 'I' @608  15 (0x0000000f)
 - public static final 'NK_COLOR_PROPERTY' 'I' @612  16 (0x00000010)
 - public static final 'NK_COLOR_EDIT' 'I' @616  17 (0x00000011)
 - public static final 'NK_COLOR_EDIT_CURSOR' 'I' @620  18 (0x00000012)
 - public static final 'NK_COLOR_COMBO' 'I' @624  19 (0x00000013)
 - public static final 'NK_COLOR_CHART' 'I' @628  20 (0x00000014)
 - public static final 'NK_COLOR_CHART_COLOR' 'I' @632  21 (0x00000015)
 - public static final 'NK_COLOR_CHART_COLOR_HIGHLIGHT' 'I' @636  22 (0x00000016)
 - public static final 'NK_COLOR_SCROLLBAR' 'I' @640  23 (0x00000017)
 - public static final 'NK_COLOR_SCROLLBAR_CURSOR' 'I' @644  24 (0x00000018)
 - public static final 'NK_COLOR_SCROLLBAR_CURSOR_HOVER' 'I' @648  25 (0x00000019)
 - public static final 'NK_COLOR_SCROLLBAR_CURSOR_ACTIVE' 'I' @652  26 (0x0000001a)
 - public static final 'NK_COLOR_TAB_HEADER' 'I' @656  27 (0x0000001b)
 - public static final 'NK_COLOR_KNOB' 'I' @660  28 (0x0000001c)
 - public static final 'NK_COLOR_KNOB_CURSOR' 'I' @664  29 (0x0000001d)
 - public static final 'NK_COLOR_KNOB_CURSOR_HOVER' 'I' @668  30 (0x0000001e)
 - public static final 'NK_COLOR_KNOB_CURSOR_ACTIVE' 'I' @672  31 (0x0000001f)
 - public static final 'NK_COLOR_COUNT' 'I' @676  32 (0x00000020)
 - public static final 'NK_CURSOR_ARROW' 'I' @680  0 (0x00000000)
 - public static final 'NK_CURSOR_TEXT' 'I' @684  1 (0x00000001)
 - public static final 'NK_CURSOR_MOVE' 'I' @688  2 (0x00000002)
 - public static final 'NK_CURSOR_RESIZE_VERTICAL' 'I' @692  3 (0x00000003)
 - public static final 'NK_CURSOR_RESIZE_HORIZONTAL' 'I' @696  4 (0x00000004)
 - public static final 'NK_CURSOR_RESIZE_TOP_LEFT_DOWN_RIGHT' 'I' @700  5 (0x00000005)
 - public static final 'NK_CURSOR_RESIZE_TOP_RIGHT_DOWN_LEFT' 'I' @704  6 (0x00000006)
 - public static final 'NK_CURSOR_COUNT' 'I' @708  7 (0x00000007)
 - public static final 'NK_WIDGET_INVALID' 'I' @712  0 (0x00000000)
 - public static final 'NK_WIDGET_VALID' 'I' @716  1 (0x00000001)
 - public static final 'NK_WIDGET_ROM' 'I' @720  2 (0x00000002)
 - public static final 'NK_WIDGET_DISABLED' 'I' @724  3 (0x00000003)
 - public static final 'NK_WIDGET_STATE_MODIFIED' 'I' @728  2 (0x00000002)
 - public static final 'NK_WIDGET_STATE_INACTIVE' 'I' @732  4 (0x00000004)
 - public static final 'NK_WIDGET_STATE_ENTERED' 'I' @736  8 (0x00000008)
 - public static final 'NK_WIDGET_STATE_HOVER' 'I' @740  16 (0x00000010)
 - public static final 'NK_WIDGET_STATE_ACTIVED' 'I' @744  32 (0x00000020)
 - public static final 'NK_WIDGET_STATE_LEFT' 'I' @748  64 (0x00000040)
 - public static final 'NK_WIDGET_STATE_HOVERED' 'I' @752  18 (0x00000012)
 - public static final 'NK_WIDGET_STATE_ACTIVE' 'I' @756  34 (0x00000022)
 - public static final 'NK_TEXT_ALIGN_LEFT' 'I' @760  1 (0x00000001)
 - public static final 'NK_TEXT_ALIGN_CENTERED' 'I' @764  2 (0x00000002)
 - public static final 'NK_TEXT_ALIGN_RIGHT' 'I' @768  4 (0x00000004)
 - public static final 'NK_TEXT_ALIGN_TOP' 'I' @772  8 (0x00000008)
 - public static final 'NK_TEXT_ALIGN_MIDDLE' 'I' @776  16 (0x00000010)
 - public static final 'NK_TEXT_ALIGN_BOTTOM' 'I' @780  32 (0x00000020)
 - public static final 'NK_TEXT_LEFT' 'I' @784  17 (0x00000011)
 - public static final 'NK_TEXT_CENTERED' 'I' @788  18 (0x00000012)
 - public static final 'NK_TEXT_RIGHT' 'I' @792  20 (0x00000014)
 - public static final 'NK_EDIT_DEFAULT' 'I' @796  0 (0x00000000)
 - public static final 'NK_EDIT_READ_ONLY' 'I' @800  1 (0x00000001)
 - public static final 'NK_EDIT_AUTO_SELECT' 'I' @804  2 (0x00000002)
 - public static final 'NK_EDIT_SIG_ENTER' 'I' @808  4 (0x00000004)
 - public static final 'NK_EDIT_ALLOW_TAB' 'I' @812  8 (0x00000008)
 - public static final 'NK_EDIT_NO_CURSOR' 'I' @816  16 (0x00000010)
 - public static final 'NK_EDIT_SELECTABLE' 'I' @820  32 (0x00000020)
 - public static final 'NK_EDIT_CLIPBOARD' 'I' @824  64 (0x00000040)
 - public static final 'NK_EDIT_CTRL_ENTER_NEWLINE' 'I' @828  128 (0x00000080)
 - public static final 'NK_EDIT_NO_HORIZONTAL_SCROLL' 'I' @832  256 (0x00000100)
 - public static final 'NK_EDIT_ALWAYS_INSERT_MODE' 'I' @836  512 (0x00000200)
 - public static final 'NK_EDIT_MULTILINE' 'I' @840  1024 (0x00000400)
 - public static final 'NK_EDIT_GOTO_END_ON_ACTIVATE' 'I' @844  2048 (0x00000800)
 - public static final 'NK_EDIT_SIMPLE' 'I' @848  512 (0x00000200)
 - public static final 'NK_EDIT_FIELD' 'I' @852  608 (0x00000260)
 - public static final 'NK_EDIT_BOX' 'I' @856  1640 (0x00000668)
 - public static final 'NK_EDIT_EDITOR' 'I' @860  1128 (0x00000468)
 - public static final 'NK_EDIT_ACTIVE' 'I' @864  1 (0x00000001)
 - public static final 'NK_EDIT_INACTIVE' 'I' @868  2 (0x00000002)
 - public static final 'NK_EDIT_ACTIVATED' 'I' @872  4 (0x00000004)
 - public static final 'NK_EDIT_DEACTIVATED' 'I' @876  8 (0x00000008)
 - public static final 'NK_EDIT_COMMITED' 'I' @880  16 (0x00000010)
 - public static final 'NK_WINDOW_BORDER' 'I' @884  1 (0x00000001)
 - public static final 'NK_WINDOW_MOVABLE' 'I' @888  2 (0x00000002)
 - public static final 'NK_WINDOW_SCALABLE' 'I' @892  4 (0x00000004)
 - public static final 'NK_WINDOW_CLOSABLE' 'I' @896  8 (0x00000008)
 - public static final 'NK_WINDOW_MINIMIZABLE' 'I' @900  16 (0x00000010)
 - public static final 'NK_WINDOW_NO_SCROLLBAR' 'I' @904  32 (0x00000020)
 - public static final 'NK_WINDOW_TITLE' 'I' @908  64 (0x00000040)
 - public static final 'NK_WINDOW_SCROLL_AUTO_HIDE' 'I' @912  128 (0x00000080)
 - public static final 'NK_WINDOW_BACKGROUND' 'I' @916  256 (0x00000100)
 - public static final 'NK_WINDOW_SCALE_LEFT' 'I' @920  512 (0x00000200)
 - public static final 'NK_WINDOW_NO_INPUT' 'I' @924  1024 (0x00000400)
 - public static final 'NK_WIDGET_ALIGN_LEFT' 'I' @928  1 (0x00000001)
 - public static final 'NK_WIDGET_ALIGN_CENTERED' 'I' @932  2 (0x00000002)
 - public static final 'NK_WIDGET_ALIGN_RIGHT' 'I' @936  4 (0x00000004)
 - public static final 'NK_WIDGET_ALIGN_TOP' 'I' @940  8 (0x00000008)
 - public static final 'NK_WIDGET_ALIGN_MIDDLE' 'I' @944  16 (0x00000010)
 - public static final 'NK_WIDGET_ALIGN_BOTTOM' 'I' @948  32 (0x00000020)
 - public static final 'NK_WIDGET_LEFT' 'I' @952  17 (0x00000011)
 - public static final 'NK_WIDGET_CENTERED' 'I' @956  18 (0x00000012)
 - public static final 'NK_WIDGET_RIGHT' 'I' @960  20 (0x00000014)
 - public static final 'NK_BUFFER_FIXED' 'I' @964  0 (0x00000000)
 - public static final 'NK_BUFFER_DYNAMIC' 'I' @968  1 (0x00000001)
 - public static final 'NK_BUFFER_FRONT' 'I' @972  0 (0x00000000)
 - public static final 'NK_BUFFER_BACK' 'I' @976  1 (0x00000001)
 - public static final 'NK_BUFFER_MAX' 'I' @980  2 (0x00000002)
 - public static final 'NK_TEXT_EDIT_SINGLE_LINE' 'I' @984  0 (0x00000000)
 - public static final 'NK_TEXT_EDIT_MULTI_LINE' 'I' @988  1 (0x00000001)
 - public static final 'NK_TEXT_EDIT_MODE_VIEW' 'I' @992  0 (0x00000000)
 - public static final 'NK_TEXT_EDIT_MODE_INSERT' 'I' @996  1 (0x00000001)
 - public static final 'NK_TEXT_EDIT_MODE_REPLACE' 'I' @1000  2 (0x00000002)
 - public static final 'NK_FONT_ATLAS_ALPHA8' 'I' @1004  0 (0x00000000)
 - public static final 'NK_FONT_ATLAS_RGBA32' 'I' @1008  1 (0x00000001)
 - public static final 'NK_COMMAND_NOP' 'I' @1012  0 (0x00000000)
 - public static final 'NK_COMMAND_SCISSOR' 'I' @1016  1 (0x00000001)
 - public static final 'NK_COMMAND_LINE' 'I' @1020  2 (0x00000002)
 - public static final 'NK_COMMAND_CURVE' 'I' @1024  3 (0x00000003)
 - public static final 'NK_COMMAND_RECT' 'I' @1028  4 (0x00000004)
 - public static final 'NK_COMMAND_RECT_FILLED' 'I' @1032  5 (0x00000005)
 - public static final 'NK_COMMAND_RECT_MULTI_COLOR' 'I' @1036  6 (0x00000006)
 - public static final 'NK_COMMAND_CIRCLE' 'I' @1040  7 (0x00000007)
 - public static final 'NK_COMMAND_CIRCLE_FILLED' 'I' @1044  8 (0x00000008)
 - public static final 'NK_COMMAND_ARC' 'I' @1048  9 (0x00000009)
 - public static final 'NK_COMMAND_ARC_FILLED' 'I' @1052  10 (0x0000000a)
 - public static final 'NK_COMMAND_TRIANGLE' 'I' @1056  11 (0x0000000b)
 - public static final 'NK_COMMAND_TRIANGLE_FILLED' 'I' @1060  12 (0x0000000c)
 - public static final 'NK_COMMAND_POLYGON' 'I' @1064  13 (0x0000000d)
 - public static final 'NK_COMMAND_POLYGON_FILLED' 'I' @1068  14 (0x0000000e)
 - public static final 'NK_COMMAND_POLYLINE' 'I' @1072  15 (0x0000000f)
 - public static final 'NK_COMMAND_TEXT' 'I' @1076  16 (0x00000010)
 - public static final 'NK_COMMAND_IMAGE' 'I' @1080  17 (0x00000011)
 - public static final 'NK_COMMAND_CUSTOM' 'I' @1084  18 (0x00000012)
 - public static final 'NK_CLIPPING_OFF' 'I' @1088  0 (0x00000000)
 - public static final 'NK_CLIPPING_ON' 'I' @1092  1 (0x00000001)
 - public static final 'NK_STROKE_OPEN' 'I' @1096  0 (0x00000000)
 - public static final 'NK_STROKE_CLOSED' 'I' @1100  1 (0x00000001)
 - public static final 'NK_VERTEX_POSITION' 'I' @1104  0 (0x00000000)
 - public static final 'NK_VERTEX_COLOR' 'I' @1108  1 (0x00000001)
 - public static final 'NK_VERTEX_TEXCOORD' 'I' @1112  2 (0x00000002)
 - public static final 'NK_VERTEX_ATTRIBUTE_COUNT' 'I' @1116  3 (0x00000003)
 - public static final 'NK_FORMAT_SCHAR' 'I' @1120  0 (0x00000000)
 - public static final 'NK_FORMAT_SSHORT' 'I' @1124  1 (0x00000001)
 - public static final 'NK_FORMAT_SINT' 'I' @1128  2 (0x00000002)
 - public static final 'NK_FORMAT_UCHAR' 'I' @1132  3 (0x00000003)
 - public static final 'NK_FORMAT_USHORT' 'I' @1136  4 (0x00000004)
 - public static final 'NK_FORMAT_UINT' 'I' @1140  5 (0x00000005)
 - public static final 'NK_FORMAT_FLOAT' 'I' @1144  6 (0x00000006)
 - public static final 'NK_FORMAT_DOUBLE' 'I' @1148  7 (0x00000007)
 - public static final 'NK_FORMAT_COLOR_BEGIN' 'I' @1152  8 (0x00000008)
 - public static final 'NK_FORMAT_R8G8B8' 'I' @1156  8 (0x00000008)
 - public static final 'NK_FORMAT_R16G15B16' 'I' @1160  9 (0x00000009)
 - public static final 'NK_FORMAT_R32G32B32' 'I' @1164  10 (0x0000000a)
 - public static final 'NK_FORMAT_R8G8B8A8' 'I' @1168  11 (0x0000000b)
 - public static final 'NK_FORMAT_B8G8R8A8' 'I' @1172  12 (0x0000000c)
 - public static final 'NK_FORMAT_R16G15B16A16' 'I' @1176  13 (0x0000000d)
 - public static final 'NK_FORMAT_R32G32B32A32' 'I' @1180  14 (0x0000000e)
 - public static final 'NK_FORMAT_R32G32B32A32_FLOAT' 'I' @1184  15 (0x0000000f)
 - public static final 'NK_FORMAT_R32G32B32A32_DOUBLE' 'I' @1188  16 (0x00000010)
 - public static final 'NK_FORMAT_RGB32' 'I' @1192  17 (0x00000011)
 - public static final 'NK_FORMAT_RGBA32' 'I' @1196  18 (0x00000012)
 - public static final 'NK_FORMAT_COLOR_END' 'I' @1200  18 (0x00000012)
 - public static final 'NK_FORMAT_COUNT' 'I' @1204  19 (0x00000013)
 - public static final 'NK_STYLE_ITEM_COLOR' 'I' @1208  0 (0x00000000)
 - public static final 'NK_STYLE_ITEM_IMAGE' 'I' @1212  1 (0x00000001)
 - public static final 'NK_STYLE_ITEM_NINE_SLICE' 'I' @1216  2 (0x00000002)
 - public static final 'NK_HEADER_LEFT' 'I' @1220  0 (0x00000000)
 - public static final 'NK_HEADER_RIGHT' 'I' @1224  1 (0x00000001)
 - public static final 'NK_PANEL_NONE' 'I' @1228  0 (0x00000000)
 - public static final 'NK_PANEL_WINDOW' 'I' @1232  1 (0x00000001)
 - public static final 'NK_PANEL_GROUP' 'I' @1236  2 (0x00000002)
 - public static final 'NK_PANEL_POPUP' 'I' @1240  4 (0x00000004)
 - public static final 'NK_PANEL_CONTEXTUAL' 'I' @1244  16 (0x00000010)
 - public static final 'NK_PANEL_COMBO' 'I' @1248  32 (0x00000020)
 - public static final 'NK_PANEL_MENU' 'I' @1252  64 (0x00000040)
 - public static final 'NK_PANEL_TOOLTIP' 'I' @1256  128 (0x00000080)
 - public static final 'NK_PANEL_SET_NONBLOCK' 'I' @1260  240 (0x000000f0)
 - public static final 'NK_PANEL_SET_POPUP' 'I' @1264  244 (0x000000f4)
 - public static final 'NK_PANEL_SET_SUB' 'I' @1268  246 (0x000000f6)
 - public static final 'NK_LAYOUT_DYNAMIC_FIXED' 'I' @1272  0 (0x00000000)
 - public static final 'NK_LAYOUT_DYNAMIC_ROW' 'I' @1276  1 (0x00000001)
 - public static final 'NK_LAYOUT_DYNAMIC_FREE' 'I' @1280  2 (0x00000002)
 - public static final 'NK_LAYOUT_DYNAMIC' 'I' @1284  3 (0x00000003)
 - public static final 'NK_LAYOUT_STATIC_FIXED' 'I' @1288  4 (0x00000004)
 - public static final 'NK_LAYOUT_STATIC_ROW' 'I' @1292  5 (0x00000005)
 - public static final 'NK_LAYOUT_STATIC_FREE' 'I' @1296  6 (0x00000006)
 - public static final 'NK_LAYOUT_STATIC' 'I' @1300  7 (0x00000007)
 - public static final 'NK_LAYOUT_TEMPLATE' 'I' @1304  8 (0x00000008)
 - public static final 'NK_LAYOUT_COUNT' 'I' @1308  9 (0x00000009)
 - public static final 'NK_WINDOW_PRIVATE' 'I' @1312  2048 (0x00000800)
 - public static final 'NK_WINDOW_DYNAMIC' 'I' @1316  2048 (0x00000800)
 - public static final 'NK_WINDOW_ROM' 'I' @1320  4096 (0x00001000)
 - public static final 'NK_WINDOW_HIDDEN' 'I' @1324  8192 (0x00002000)
 - public static final 'NK_WINDOW_CLOSED' 'I' @1328  16384 (0x00004000)
 - public static final 'NK_WINDOW_MINIMIZED' 'I' @1332  32768 (0x00008000)
 - public static final 'NK_WINDOW_REMOVE_ROM' 'I' @1336  65536 (0x00010000)
 - public static final 'NK_COORD_UV' 'I' @1340  0 (0x00000000)
 - public static final 'NK_COORD_PIXEL' 'I' @1344  1 (0x00000001)
R12=0x0 is null
R13={method} {0x00000198d06b9eb8} 'nnk_buffer_init' '(JJJ)V' in 'org/lwjgl/nuklear/Nuklear'
R14=0x00000002e1bff5c0 is pointing into the stack for thread: 0x00000198f035b2e0
R15=0x00000198f035b2e0 is a thread

Top of Stack: (sp=0x00000002e1bff4a8)
0x00000002e1bff4a8:   00007ffbc2ed69de 00000198d06b9eb0
0x00000002e1bff4b8:   00000198d06b9eb0 00000198f035b2e0
0x00000002e1bff4c8:   00007ffb616e3dc1 00000198ffa3e570
0x00000002e1bff4d8:   00000198874ac98b 0000000000000010
0x00000002e1bff4e8:   00000198d06b9eb0 00000198ffa3e570
0x00000002e1bff4f8:   00000198874ac662 0000000000001000
0x00000002e1bff508:   0000000000000010 0000000000000000
0x00000002e1bff518:   0000000000000000 00000198ffa3e570
0x00000002e1bff528:   00000198874ac61f 00000002e1bff530
0x00000002e1bff538:   00000198d06b9eb0 0000000000000009
0x00000002e1bff548:   00000198d06d8000 0000000000000000
0x00000002e1bff558:   000000008cfbfcf8 00000198d06b9eb0
0x00000002e1bff568:   0000000000000000 00000002e1bff598
0x00000002e1bff578:   00000002e1bff610 00000198874a8732
0x00000002e1bff588:   000000008cfbfcf8 00000198874aa057
0x00000002e1bff598:   0000000000001000 0000000000000000
0x00000002e1bff5a8:   00000198ffa3e570 0000000000000000
0x00000002e1bff5b8:   00000198ff8ec5f0 0000000000000000
0x00000002e1bff5c8:   00000002e1bff5c8 00000198d06b9f59
0x00000002e1bff5d8:   0000000000000005 00000198d06d8000
0x00000002e1bff5e8:   0000000000000000 000000008cfbfcf8
0x00000002e1bff5f8:   00000198d06b9f98 00000002e1bff598
0x00000002e1bff608:   00000002e1bff620 00000002e1bff688
0x00000002e1bff618:   00000198874a8732 0000000000001000
0x00000002e1bff628:   0000000000000000 000000008cfe8ad0
0x00000002e1bff638:   000000008cf72a88 00000002e1bff640
0x00000002e1bff648:   00000198d0406c44 0000000000000005
0x00000002e1bff658:   00000198d0408ff8 0000000000000000
0x00000002e1bff668:   000000008dc95168 00000198d0406ca0
0x00000002e1bff678:   00000002e1bff620 00000002e1bff6b0
0x00000002e1bff688:   00000002e1bff700 00000198874a8732
0x00000002e1bff698:   0000000000000000 000000008cf72b28 

Instructions: (pc=0x00007ffbc2ed69de)
0x00007ffbc2ed68de:   70 4d 85 ff 0f 84 81 00 00 00 48 89 7c 24 40 8b
0x00007ffbc2ed68ee:   7c 24 60 85 ff 79 2b 41 c7 06 fd ff 00 00 41 89
0x00007ffbc2ed68fe:   1f 33 c0 48 8b 7c 24 40 48 8b 5c 24 48 48 8b 6c
0x00007ffbc2ed690e:   24 50 48 8b 74 24 58 48 83 c4 20 41 5f 41 5e 41
0x00007ffbc2ed691e:   5c c3 45 8b c4 49 8b d6 48 8b cd e8 d2 bf fc ff
0x00007ffbc2ed692e:   85 c0 74 20 3b df 74 28 03 f0 45 8b c4 48 63 ce
0x00007ffbc2ed693e:   44 2b c6 48 03 cd 49 8b d6 ff c3 e8 b2 bf fc ff
0x00007ffbc2ed694e:   85 c0 75 e0 3b df 75 a9 48 63 c6 48 03 c5 eb a3
0x00007ffbc2ed695e:   41 89 07 48 63 c6 48 03 c5 eb 98 33 c0 eb 99 cc
0x00007ffbc2ed696e:   cc cc 4d 85 c0 0f 84 98 00 00 00 48 89 5c 24 10
0x00007ffbc2ed697e:   57 48 83 ec 20 49 8b f9 49 8b d8 4d 85 c9 74 79
0x00007ffbc2ed698e:   48 89 74 24 30 48 8b 74 24 50 48 85 f6 74 65 0f
0x00007ffbc2ed699e:   57 c0 33 c0 41 0f 11 00 33 d2 41 0f 11 40 10 41
0x00007ffbc2ed69ae:   0f 11 40 20 41 0f 11 40 30 41 0f 11 40 40 41 0f
0x00007ffbc2ed69be:   11 40 50 41 0f 11 40 60 49 89 40 70 41 c7 40 38
0x00007ffbc2ed69ce:   01 00 00 00 4c 8b c6 49 8b 41 08 49 8b 09 ff d0
0x00007ffbc2ed69de:   48 89 43 40 48 89 73 48 48 89 73 70 c7 43 50 00
0x00007ffbc2ed69ee:   00 00 40 0f 10 07 0f 11 43 20 f2 0f 10 4f 10 f2
0x00007ffbc2ed69fe:   0f 11 4b 30 48 8b 74 24 30 48 8b 5c 24 38 48 83
0x00007ffbc2ed6a0e:   c4 20 5f c3 cc cc cc cc cc cc cc cc cc cc cc cc
0x00007ffbc2ed6a1e:   cc cc 4d 85 c0 74 40 4d 85 c9 74 3b 48 8b 44 24
0x00007ffbc2ed6a2e:   28 48 85 c0 74 31 0f 57 c0 41 0f 11 00 41 0f 11
0x00007ffbc2ed6a3e:   40 10 41 0f 11 40 20 41 0f 11 40 30 41 0f 11 40
0x00007ffbc2ed6a4e:   40 41 0f 11 40 50 41 0f 11 40 60 4d 89 48 40 49
0x00007ffbc2ed6a5e:   89 40 48 49 89 40 70 c3 cc cc cc cc cc cc cc cc
0x00007ffbc2ed6a6e:   cc cc 4d 85 c0 74 2c 4d 85 c9 74 27 49 8b 41 58
0x00007ffbc2ed6a7e:   49 89 40 18 49 8b 41 48 49 89 40 10 49 8b 41 60
0x00007ffbc2ed6a8e:   49 89 40 20 49 8b 41 40 49 89 00 49 8b 41 68 49
0x00007ffbc2ed6a9e:   89 40 28 c3 cc cc cc cc cc cc cc cc cc cc cc cc
0x00007ffbc2ed6aae:   cc cc 48 83 ec 28 41 8b d1 49 8b c8 4c 8b 4c 24
0x00007ffbc2ed6abe:   60 4c 8b 44 24 58 e8 87 c1 fc ff 48 85 c0 74 16
0x00007ffbc2ed6ace:   4c 8b 44 24 58 48 8b c8 48 8b 54 24 50 48 83 c4 


Stack slot to memory mapping:

stack at sp + 0 slots: {method} {0x00000198d06b9eb8} 'nnk_buffer_init' '(JJJ)V' in 'org/lwjgl/nuklear/Nuklear'
stack at sp + 1 slots: {method} {0x00000198d06b9eb8} 'nnk_buffer_init' '(JJJ)V' in 'org/lwjgl/nuklear/Nuklear'
stack at sp + 2 slots: 0x00000198f035b2e0 is a thread
stack at sp + 3 slots: 0x00007ffb616e3dc1 jvm.dll
stack at sp + 4 slots: 0x00000198ffa3e570 points into unknown readable memory: 0x0000000000000000 | 00 00 00 00 00 00 00 00
stack at sp + 5 slots: 0x00000198874ac98b is at code_begin+1067 in an Interpreter codelet
native method entry point (kind = native)  [0x00000198874ac560, 0x00000198874ad088]  2856 bytes
stack at sp + 6 slots: 0x0000000000000010 is an unknown value
stack at sp + 7 slots: {method} {0x00000198d06b9eb8} 'nnk_buffer_init' '(JJJ)V' in 'org/lwjgl/nuklear/Nuklear'


---------------  P R O C E S S  ---------------

Threads class SMR info:
_java_thread_list=0x00000198dd6d6da0, length=11, elements={
0x00000198f035b2e0, 0x00000198ff7fe4b0, 0x00000198ff805ba0, 0x00000198ff807880,
0x00000198ff808550, 0x00000198ff809b10, 0x00000198ff80b330, 0x00000198ff823a70,
0x00000198ff824630, 0x00000198ff982aa0, 0x00000198ff9eb710
}

Java Threads: ( => current thread )
=>0x00000198f035b2e0 JavaThread "main"                              [_thread_in_native, id=2192, stack(0x00000002e1b00000,0x00000002e1c00000) (1024K)]
  0x00000198ff7fe4b0 JavaThread "Reference Handler"          daemon [_thread_blocked, id=2640, stack(0x00000002e2300000,0x00000002e2400000) (1024K)]
  0x00000198ff805ba0 JavaThread "Finalizer"                  daemon [_thread_blocked, id=8400, stack(0x00000002e2400000,0x00000002e2500000) (1024K)]
  0x00000198ff807880 JavaThread "Signal Dispatcher"          daemon [_thread_blocked, id=7028, stack(0x00000002e2500000,0x00000002e2600000) (1024K)]
  0x00000198ff808550 JavaThread "Attach Listener"            daemon [_thread_blocked, id=14020, stack(0x00000002e2600000,0x00000002e2700000) (1024K)]
  0x00000198ff809b10 JavaThread "Service Thread"             daemon [_thread_blocked, id=4000, stack(0x00000002e2700000,0x00000002e2800000) (1024K)]
  0x00000198ff80b330 JavaThread "Monitor Deflation Thread"   daemon [_thread_blocked, id=6504, stack(0x00000002e2800000,0x00000002e2900000) (1024K)]
  0x00000198ff823a70 JavaThread "JVMCI-native CompilerThread0" daemon [_thread_blocked, id=4736, stack(0x00000002e2900000,0x00000002e2a00000) (1024K)]
  0x00000198ff824630 JavaThread "C1 CompilerThread0"         daemon [_thread_blocked, id=4660, stack(0x00000002e2a00000,0x00000002e2b00000) (1024K)]
  0x00000198ff982aa0 JavaThread "Common-Cleaner"             daemon [_thread_blocked, id=14700, stack(0x00000002e2c00000,0x00000002e2d00000) (1024K)]
  0x00000198ff9eb710 JavaThread "Notification Thread"        daemon [_thread_blocked, id=8196, stack(0x00000002e2d00000,0x00000002e2e00000) (1024K)]
Total: 11

Other Threads:
  0x00000198ff6c1f70 VMThread "VM Thread"                           [id=328, stack(0x00000002e2200000,0x00000002e2300000) (1024K)]
  0x00000198ff6b1790 WatcherThread "VM Periodic Task Thread"        [id=3428, stack(0x00000002e2100000,0x00000002e2200000) (1024K)]
  0x00000198f03b2a80 WorkerThread "GC Thread#0"                     [id=2304, stack(0x00000002e1c00000,0x00000002e1d00000) (1024K)]
  0x00000198f03c48e0 ConcurrentGCThread "G1 Main Marker"            [id=6120, stack(0x00000002e1d00000,0x00000002e1e00000) (1024K)]
  0x00000198f03c5b80 WorkerThread "G1 Conc#0"                       [id=9700, stack(0x00000002e1e00000,0x00000002e1f00000) (1024K)]
  0x00000198ff5852e0 ConcurrentGCThread "G1 Refine#0"               [id=7360, stack(0x00000002e1f00000,0x00000002e2000000) (1024K)]
  0x00000198ff585b00 ConcurrentGCThread "G1 Service"                [id=12812, stack(0x00000002e2000000,0x00000002e2100000) (1024K)]
Total: 7

Threads with active compile tasks:
Total: 0

VM state: not at safepoint (normal execution)

VM Mutex/Monitor currently owned by a thread: None

Heap address: 0x0000000080000000, size: 2048 MB, Compressed Oops mode: 32-bit

CDS archive(s) mapped at: [0x000001988f000000-0x000001988fc90000-0x000001988fc90000), size 13172736, SharedBaseAddress: 0x000001988f000000, ArchiveRelocationMode: 1.
Compressed class space mapped at: 0x0000019890000000-0x00000198d0000000, reserved size: 1073741824
Narrow klass base: 0x000001988f000000, Narrow klass shift: 0, Narrow klass range: 0x100000000

GC Precious Log:
 CardTable entry size: 512
 Card Set container configuration: InlinePtr #cards 5 size 8 Array Of Cards #cards 12 size 40 Howl #buckets 4 coarsen threshold 1843 Howl Bitmap #cards 512 size 80 coarsen threshold 460 Card regions per heap region 1 cards per card region 2048
 CPUs: 8 total, 8 available
 Memory: 14245M
 Large Page Support: Disabled
 NUMA Support: Disabled
 Compressed Oops: Enabled (32-bit)
 Heap Region Size: 1M
 Heap Min Capacity: 8M
 Heap Initial Capacity: 224M
 Heap Max Capacity: 2G
 Pre-touch: Disabled
 Parallel Workers: 8
 Concurrent Workers: 2
 Concurrent Refinement Workers: 8
 Periodic GC: Disabled

Heap:
 garbage-first heap   total 229376K, used 16384K [0x0000000080000000, 0x0000000100000000)
  region size 1024K, 18 young (18432K), 0 survivors (0K)
 Metaspace       used 5385K, committed 5632K, reserved 1114112K
  class space    used 292K, committed 384K, reserved 1048576K

Heap Regions: E=young(eden), S=young(survivor), O=old, HS=humongous(starts), HC=humongous(continues), CS=collection set, F=free, TAMS=top-at-mark-start, PB=parsable bottom
|   0|0x0000000080000000, 0x0000000080000000, 0x0000000080100000|  0%| F|  |TAMS 0x0000000080000000| PB 0x0000000080000000| Untracked 
|   1|0x0000000080100000, 0x0000000080100000, 0x0000000080200000|  0%| F|  |TAMS 0x0000000080100000| PB 0x0000000080100000| Untracked 
|   2|0x0000000080200000, 0x0000000080200000, 0x0000000080300000|  0%| F|  |TAMS 0x0000000080200000| PB 0x0000000080200000| Untracked 
|   3|0x0000000080300000, 0x0000000080300000, 0x0000000080400000|  0%| F|  |TAMS 0x0000000080300000| PB 0x0000000080300000| Untracked 
|   4|0x0000000080400000, 0x0000000080400000, 0x0000000080500000|  0%| F|  |TAMS 0x0000000080400000| PB 0x0000000080400000| Untracked 
|   5|0x0000000080500000, 0x0000000080500000, 0x0000000080600000|  0%| F|  |TAMS 0x0000000080500000| PB 0x0000000080500000| Untracked 
|   6|0x0000000080600000, 0x0000000080600000, 0x0000000080700000|  0%| F|  |TAMS 0x0000000080600000| PB 0x0000000080600000| Untracked 
|   7|0x0000000080700000, 0x0000000080700000, 0x0000000080800000|  0%| F|  |TAMS 0x0000000080700000| PB 0x0000000080700000| Untracked 
|   8|0x0000000080800000, 0x0000000080800000, 0x0000000080900000|  0%| F|  |TAMS 0x0000000080800000| PB 0x0000000080800000| Untracked 
|   9|0x0000000080900000, 0x0000000080900000, 0x0000000080a00000|  0%| F|  |TAMS 0x0000000080900000| PB 0x0000000080900000| Untracked 
|  10|0x0000000080a00000, 0x0000000080a00000, 0x0000000080b00000|  0%| F|  |TAMS 0x0000000080a00000| PB 0x0000000080a00000| Untracked 
|  11|0x0000000080b00000, 0x0000000080b00000, 0x0000000080c00000|  0%| F|  |TAMS 0x0000000080b00000| PB 0x0000000080b00000| Untracked 
|  12|0x0000000080c00000, 0x0000000080c00000, 0x0000000080d00000|  0%| F|  |TAMS 0x0000000080c00000| PB 0x0000000080c00000| Untracked 
|  13|0x0000000080d00000, 0x0000000080d00000, 0x0000000080e00000|  0%| F|  |TAMS 0x0000000080d00000| PB 0x0000000080d00000| Untracked 
|  14|0x0000000080e00000, 0x0000000080e00000, 0x0000000080f00000|  0%| F|  |TAMS 0x0000000080e00000| PB 0x0000000080e00000| Untracked 
|  15|0x0000000080f00000, 0x0000000080f00000, 0x0000000081000000|  0%| F|  |TAMS 0x0000000080f00000| PB 0x0000000080f00000| Untracked 
|  16|0x0000000081000000, 0x0000000081000000, 0x0000000081100000|  0%| F|  |TAMS 0x0000000081000000| PB 0x0000000081000000| Untracked 
|  17|0x0000000081100000, 0x0000000081100000, 0x0000000081200000|  0%| F|  |TAMS 0x0000000081100000| PB 0x0000000081100000| Untracked 
|  18|0x0000000081200000, 0x0000000081200000, 0x0000000081300000|  0%| F|  |TAMS 0x0000000081200000| PB 0x0000000081200000| Untracked 
|  19|0x0000000081300000, 0x0000000081300000, 0x0000000081400000|  0%| F|  |TAMS 0x0000000081300000| PB 0x0000000081300000| Untracked 
|  20|0x0000000081400000, 0x0000000081400000, 0x0000000081500000|  0%| F|  |TAMS 0x0000000081400000| PB 0x0000000081400000| Untracked 
|  21|0x0000000081500000, 0x0000000081500000, 0x0000000081600000|  0%| F|  |TAMS 0x0000000081500000| PB 0x0000000081500000| Untracked 
|  22|0x0000000081600000, 0x0000000081600000, 0x0000000081700000|  0%| F|  |TAMS 0x0000000081600000| PB 0x0000000081600000| Untracked 
|  23|0x0000000081700000, 0x0000000081700000, 0x0000000081800000|  0%| F|  |TAMS 0x0000000081700000| PB 0x0000000081700000| Untracked 
|  24|0x0000000081800000, 0x0000000081800000, 0x0000000081900000|  0%| F|  |TAMS 0x0000000081800000| PB 0x0000000081800000| Untracked 
|  25|0x0000000081900000, 0x0000000081900000, 0x0000000081a00000|  0%| F|  |TAMS 0x0000000081900000| PB 0x0000000081900000| Untracked 
|  26|0x0000000081a00000, 0x0000000081a00000, 0x0000000081b00000|  0%| F|  |TAMS 0x0000000081a00000| PB 0x0000000081a00000| Untracked 
|  27|0x0000000081b00000, 0x0000000081b00000, 0x0000000081c00000|  0%| F|  |TAMS 0x0000000081b00000| PB 0x0000000081b00000| Untracked 
|  28|0x0000000081c00000, 0x0000000081c00000, 0x0000000081d00000|  0%| F|  |TAMS 0x0000000081c00000| PB 0x0000000081c00000| Untracked 
|  29|0x0000000081d00000, 0x0000000081d00000, 0x0000000081e00000|  0%| F|  |TAMS 0x0000000081d00000| PB 0x0000000081d00000| Untracked 
|  30|0x0000000081e00000, 0x0000000081e00000, 0x0000000081f00000|  0%| F|  |TAMS 0x0000000081e00000| PB 0x0000000081e00000| Untracked 
|  31|0x0000000081f00000, 0x0000000081f00000, 0x0000000082000000|  0%| F|  |TAMS 0x0000000081f00000| PB 0x0000000081f00000| Untracked 
|  32|0x0000000082000000, 0x0000000082000000, 0x0000000082100000|  0%| F|  |TAMS 0x0000000082000000| PB 0x0000000082000000| Untracked 
|  33|0x0000000082100000, 0x0000000082100000, 0x0000000082200000|  0%| F|  |TAMS 0x0000000082100000| PB 0x0000000082100000| Untracked 
|  34|0x0000000082200000, 0x0000000082200000, 0x0000000082300000|  0%| F|  |TAMS 0x0000000082200000| PB 0x0000000082200000| Untracked 
|  35|0x0000000082300000, 0x0000000082300000, 0x0000000082400000|  0%| F|  |TAMS 0x0000000082300000| PB 0x0000000082300000| Untracked 
|  36|0x0000000082400000, 0x0000000082400000, 0x0000000082500000|  0%| F|  |TAMS 0x0000000082400000| PB 0x0000000082400000| Untracked 
|  37|0x0000000082500000, 0x0000000082500000, 0x0000000082600000|  0%| F|  |TAMS 0x0000000082500000| PB 0x0000000082500000| Untracked 
|  38|0x0000000082600000, 0x0000000082600000, 0x0000000082700000|  0%| F|  |TAMS 0x0000000082600000| PB 0x0000000082600000| Untracked 
|  39|0x0000000082700000, 0x0000000082700000, 0x0000000082800000|  0%| F|  |TAMS 0x0000000082700000| PB 0x0000000082700000| Untracked 
|  40|0x0000000082800000, 0x0000000082800000, 0x0000000082900000|  0%| F|  |TAMS 0x0000000082800000| PB 0x0000000082800000| Untracked 
|  41|0x0000000082900000, 0x0000000082900000, 0x0000000082a00000|  0%| F|  |TAMS 0x0000000082900000| PB 0x0000000082900000| Untracked 
|  42|0x0000000082a00000, 0x0000000082a00000, 0x0000000082b00000|  0%| F|  |TAMS 0x0000000082a00000| PB 0x0000000082a00000| Untracked 
|  43|0x0000000082b00000, 0x0000000082b00000, 0x0000000082c00000|  0%| F|  |TAMS 0x0000000082b00000| PB 0x0000000082b00000| Untracked 
|  44|0x0000000082c00000, 0x0000000082c00000, 0x0000000082d00000|  0%| F|  |TAMS 0x0000000082c00000| PB 0x0000000082c00000| Untracked 
|  45|0x0000000082d00000, 0x0000000082d00000, 0x0000000082e00000|  0%| F|  |TAMS 0x0000000082d00000| PB 0x0000000082d00000| Untracked 
|  46|0x0000000082e00000, 0x0000000082e00000, 0x0000000082f00000|  0%| F|  |TAMS 0x0000000082e00000| PB 0x0000000082e00000| Untracked 
|  47|0x0000000082f00000, 0x0000000082f00000, 0x0000000083000000|  0%| F|  |TAMS 0x0000000082f00000| PB 0x0000000082f00000| Untracked 
|  48|0x0000000083000000, 0x0000000083000000, 0x0000000083100000|  0%| F|  |TAMS 0x0000000083000000| PB 0x0000000083000000| Untracked 
|  49|0x0000000083100000, 0x0000000083100000, 0x0000000083200000|  0%| F|  |TAMS 0x0000000083100000| PB 0x0000000083100000| Untracked 
|  50|0x0000000083200000, 0x0000000083200000, 0x0000000083300000|  0%| F|  |TAMS 0x0000000083200000| PB 0x0000000083200000| Untracked 
|  51|0x0000000083300000, 0x0000000083300000, 0x0000000083400000|  0%| F|  |TAMS 0x0000000083300000| PB 0x0000000083300000| Untracked 
|  52|0x0000000083400000, 0x0000000083400000, 0x0000000083500000|  0%| F|  |TAMS 0x0000000083400000| PB 0x0000000083400000| Untracked 
|  53|0x0000000083500000, 0x0000000083500000, 0x0000000083600000|  0%| F|  |TAMS 0x0000000083500000| PB 0x0000000083500000| Untracked 
|  54|0x0000000083600000, 0x0000000083600000, 0x0000000083700000|  0%| F|  |TAMS 0x0000000083600000| PB 0x0000000083600000| Untracked 
|  55|0x0000000083700000, 0x0000000083700000, 0x0000000083800000|  0%| F|  |TAMS 0x0000000083700000| PB 0x0000000083700000| Untracked 
|  56|0x0000000083800000, 0x0000000083800000, 0x0000000083900000|  0%| F|  |TAMS 0x0000000083800000| PB 0x0000000083800000| Untracked 
|  57|0x0000000083900000, 0x0000000083900000, 0x0000000083a00000|  0%| F|  |TAMS 0x0000000083900000| PB 0x0000000083900000| Untracked 
|  58|0x0000000083a00000, 0x0000000083a00000, 0x0000000083b00000|  0%| F|  |TAMS 0x0000000083a00000| PB 0x0000000083a00000| Untracked 
|  59|0x0000000083b00000, 0x0000000083b00000, 0x0000000083c00000|  0%| F|  |TAMS 0x0000000083b00000| PB 0x0000000083b00000| Untracked 
|  60|0x0000000083c00000, 0x0000000083c00000, 0x0000000083d00000|  0%| F|  |TAMS 0x0000000083c00000| PB 0x0000000083c00000| Untracked 
|  61|0x0000000083d00000, 0x0000000083d00000, 0x0000000083e00000|  0%| F|  |TAMS 0x0000000083d00000| PB 0x0000000083d00000| Untracked 
|  62|0x0000000083e00000, 0x0000000083e00000, 0x0000000083f00000|  0%| F|  |TAMS 0x0000000083e00000| PB 0x0000000083e00000| Untracked 
|  63|0x0000000083f00000, 0x0000000083f00000, 0x0000000084000000|  0%| F|  |TAMS 0x0000000083f00000| PB 0x0000000083f00000| Untracked 
|  64|0x0000000084000000, 0x0000000084000000, 0x0000000084100000|  0%| F|  |TAMS 0x0000000084000000| PB 0x0000000084000000| Untracked 
|  65|0x0000000084100000, 0x0000000084100000, 0x0000000084200000|  0%| F|  |TAMS 0x0000000084100000| PB 0x0000000084100000| Untracked 
|  66|0x0000000084200000, 0x0000000084200000, 0x0000000084300000|  0%| F|  |TAMS 0x0000000084200000| PB 0x0000000084200000| Untracked 
|  67|0x0000000084300000, 0x0000000084300000, 0x0000000084400000|  0%| F|  |TAMS 0x0000000084300000| PB 0x0000000084300000| Untracked 
|  68|0x0000000084400000, 0x0000000084400000, 0x0000000084500000|  0%| F|  |TAMS 0x0000000084400000| PB 0x0000000084400000| Untracked 
|  69|0x0000000084500000, 0x0000000084500000, 0x0000000084600000|  0%| F|  |TAMS 0x0000000084500000| PB 0x0000000084500000| Untracked 
|  70|0x0000000084600000, 0x0000000084600000, 0x0000000084700000|  0%| F|  |TAMS 0x0000000084600000| PB 0x0000000084600000| Untracked 
|  71|0x0000000084700000, 0x0000000084700000, 0x0000000084800000|  0%| F|  |TAMS 0x0000000084700000| PB 0x0000000084700000| Untracked 
|  72|0x0000000084800000, 0x0000000084800000, 0x0000000084900000|  0%| F|  |TAMS 0x0000000084800000| PB 0x0000000084800000| Untracked 
|  73|0x0000000084900000, 0x0000000084900000, 0x0000000084a00000|  0%| F|  |TAMS 0x0000000084900000| PB 0x0000000084900000| Untracked 
|  74|0x0000000084a00000, 0x0000000084a00000, 0x0000000084b00000|  0%| F|  |TAMS 0x0000000084a00000| PB 0x0000000084a00000| Untracked 
|  75|0x0000000084b00000, 0x0000000084b00000, 0x0000000084c00000|  0%| F|  |TAMS 0x0000000084b00000| PB 0x0000000084b00000| Untracked 
|  76|0x0000000084c00000, 0x0000000084c00000, 0x0000000084d00000|  0%| F|  |TAMS 0x0000000084c00000| PB 0x0000000084c00000| Untracked 
|  77|0x0000000084d00000, 0x0000000084d00000, 0x0000000084e00000|  0%| F|  |TAMS 0x0000000084d00000| PB 0x0000000084d00000| Untracked 
|  78|0x0000000084e00000, 0x0000000084e00000, 0x0000000084f00000|  0%| F|  |TAMS 0x0000000084e00000| PB 0x0000000084e00000| Untracked 
|  79|0x0000000084f00000, 0x0000000084f00000, 0x0000000085000000|  0%| F|  |TAMS 0x0000000084f00000| PB 0x0000000084f00000| Untracked 
|  80|0x0000000085000000, 0x0000000085000000, 0x0000000085100000|  0%| F|  |TAMS 0x0000000085000000| PB 0x0000000085000000| Untracked 
|  81|0x0000000085100000, 0x0000000085100000, 0x0000000085200000|  0%| F|  |TAMS 0x0000000085100000| PB 0x0000000085100000| Untracked 
|  82|0x0000000085200000, 0x0000000085200000, 0x0000000085300000|  0%| F|  |TAMS 0x0000000085200000| PB 0x0000000085200000| Untracked 
|  83|0x0000000085300000, 0x0000000085300000, 0x0000000085400000|  0%| F|  |TAMS 0x0000000085300000| PB 0x0000000085300000| Untracked 
|  84|0x0000000085400000, 0x0000000085400000, 0x0000000085500000|  0%| F|  |TAMS 0x0000000085400000| PB 0x0000000085400000| Untracked 
|  85|0x0000000085500000, 0x0000000085500000, 0x0000000085600000|  0%| F|  |TAMS 0x0000000085500000| PB 0x0000000085500000| Untracked 
|  86|0x0000000085600000, 0x0000000085600000, 0x0000000085700000|  0%| F|  |TAMS 0x0000000085600000| PB 0x0000000085600000| Untracked 
|  87|0x0000000085700000, 0x0000000085700000, 0x0000000085800000|  0%| F|  |TAMS 0x0000000085700000| PB 0x0000000085700000| Untracked 
|  88|0x0000000085800000, 0x0000000085800000, 0x0000000085900000|  0%| F|  |TAMS 0x0000000085800000| PB 0x0000000085800000| Untracked 
|  89|0x0000000085900000, 0x0000000085900000, 0x0000000085a00000|  0%| F|  |TAMS 0x0000000085900000| PB 0x0000000085900000| Untracked 
|  90|0x0000000085a00000, 0x0000000085a00000, 0x0000000085b00000|  0%| F|  |TAMS 0x0000000085a00000| PB 0x0000000085a00000| Untracked 
|  91|0x0000000085b00000, 0x0000000085b00000, 0x0000000085c00000|  0%| F|  |TAMS 0x0000000085b00000| PB 0x0000000085b00000| Untracked 
|  92|0x0000000085c00000, 0x0000000085c00000, 0x0000000085d00000|  0%| F|  |TAMS 0x0000000085c00000| PB 0x0000000085c00000| Untracked 
|  93|0x0000000085d00000, 0x0000000085d00000, 0x0000000085e00000|  0%| F|  |TAMS 0x0000000085d00000| PB 0x0000000085d00000| Untracked 
|  94|0x0000000085e00000, 0x0000000085e00000, 0x0000000085f00000|  0%| F|  |TAMS 0x0000000085e00000| PB 0x0000000085e00000| Untracked 
|  95|0x0000000085f00000, 0x0000000085f00000, 0x0000000086000000|  0%| F|  |TAMS 0x0000000085f00000| PB 0x0000000085f00000| Untracked 
|  96|0x0000000086000000, 0x0000000086000000, 0x0000000086100000|  0%| F|  |TAMS 0x0000000086000000| PB 0x0000000086000000| Untracked 
|  97|0x0000000086100000, 0x0000000086100000, 0x0000000086200000|  0%| F|  |TAMS 0x0000000086100000| PB 0x0000000086100000| Untracked 
|  98|0x0000000086200000, 0x0000000086200000, 0x0000000086300000|  0%| F|  |TAMS 0x0000000086200000| PB 0x0000000086200000| Untracked 
|  99|0x0000000086300000, 0x0000000086300000, 0x0000000086400000|  0%| F|  |TAMS 0x0000000086300000| PB 0x0000000086300000| Untracked 
| 100|0x0000000086400000, 0x0000000086400000, 0x0000000086500000|  0%| F|  |TAMS 0x0000000086400000| PB 0x0000000086400000| Untracked 
| 101|0x0000000086500000, 0x0000000086500000, 0x0000000086600000|  0%| F|  |TAMS 0x0000000086500000| PB 0x0000000086500000| Untracked 
| 102|0x0000000086600000, 0x0000000086600000, 0x0000000086700000|  0%| F|  |TAMS 0x0000000086600000| PB 0x0000000086600000| Untracked 
| 103|0x0000000086700000, 0x0000000086700000, 0x0000000086800000|  0%| F|  |TAMS 0x0000000086700000| PB 0x0000000086700000| Untracked 
| 104|0x0000000086800000, 0x0000000086800000, 0x0000000086900000|  0%| F|  |TAMS 0x0000000086800000| PB 0x0000000086800000| Untracked 
| 105|0x0000000086900000, 0x0000000086900000, 0x0000000086a00000|  0%| F|  |TAMS 0x0000000086900000| PB 0x0000000086900000| Untracked 
| 106|0x0000000086a00000, 0x0000000086a00000, 0x0000000086b00000|  0%| F|  |TAMS 0x0000000086a00000| PB 0x0000000086a00000| Untracked 
| 107|0x0000000086b00000, 0x0000000086b00000, 0x0000000086c00000|  0%| F|  |TAMS 0x0000000086b00000| PB 0x0000000086b00000| Untracked 
| 108|0x0000000086c00000, 0x0000000086c00000, 0x0000000086d00000|  0%| F|  |TAMS 0x0000000086c00000| PB 0x0000000086c00000| Untracked 
| 109|0x0000000086d00000, 0x0000000086d00000, 0x0000000086e00000|  0%| F|  |TAMS 0x0000000086d00000| PB 0x0000000086d00000| Untracked 
| 110|0x0000000086e00000, 0x0000000086e00000, 0x0000000086f00000|  0%| F|  |TAMS 0x0000000086e00000| PB 0x0000000086e00000| Untracked 
| 111|0x0000000086f00000, 0x0000000086f00000, 0x0000000087000000|  0%| F|  |TAMS 0x0000000086f00000| PB 0x0000000086f00000| Untracked 
| 112|0x0000000087000000, 0x0000000087000000, 0x0000000087100000|  0%| F|  |TAMS 0x0000000087000000| PB 0x0000000087000000| Untracked 
| 113|0x0000000087100000, 0x0000000087100000, 0x0000000087200000|  0%| F|  |TAMS 0x0000000087100000| PB 0x0000000087100000| Untracked 
| 114|0x0000000087200000, 0x0000000087200000, 0x0000000087300000|  0%| F|  |TAMS 0x0000000087200000| PB 0x0000000087200000| Untracked 
| 115|0x0000000087300000, 0x0000000087300000, 0x0000000087400000|  0%| F|  |TAMS 0x0000000087300000| PB 0x0000000087300000| Untracked 
| 116|0x0000000087400000, 0x0000000087400000, 0x0000000087500000|  0%| F|  |TAMS 0x0000000087400000| PB 0x0000000087400000| Untracked 
| 117|0x0000000087500000, 0x0000000087500000, 0x0000000087600000|  0%| F|  |TAMS 0x0000000087500000| PB 0x0000000087500000| Untracked 
| 118|0x0000000087600000, 0x0000000087600000, 0x0000000087700000|  0%| F|  |TAMS 0x0000000087600000| PB 0x0000000087600000| Untracked 
| 119|0x0000000087700000, 0x0000000087700000, 0x0000000087800000|  0%| F|  |TAMS 0x0000000087700000| PB 0x0000000087700000| Untracked 
| 120|0x0000000087800000, 0x0000000087800000, 0x0000000087900000|  0%| F|  |TAMS 0x0000000087800000| PB 0x0000000087800000| Untracked 
| 121|0x0000000087900000, 0x0000000087900000, 0x0000000087a00000|  0%| F|  |TAMS 0x0000000087900000| PB 0x0000000087900000| Untracked 
| 122|0x0000000087a00000, 0x0000000087a00000, 0x0000000087b00000|  0%| F|  |TAMS 0x0000000087a00000| PB 0x0000000087a00000| Untracked 
| 123|0x0000000087b00000, 0x0000000087b00000, 0x0000000087c00000|  0%| F|  |TAMS 0x0000000087b00000| PB 0x0000000087b00000| Untracked 
| 124|0x0000000087c00000, 0x0000000087c00000, 0x0000000087d00000|  0%| F|  |TAMS 0x0000000087c00000| PB 0x0000000087c00000| Untracked 
| 125|0x0000000087d00000, 0x0000000087d00000, 0x0000000087e00000|  0%| F|  |TAMS 0x0000000087d00000| PB 0x0000000087d00000| Untracked 
| 126|0x0000000087e00000, 0x0000000087e00000, 0x0000000087f00000|  0%| F|  |TAMS 0x0000000087e00000| PB 0x0000000087e00000| Untracked 
| 127|0x0000000087f00000, 0x0000000087f00000, 0x0000000088000000|  0%| F|  |TAMS 0x0000000087f00000| PB 0x0000000087f00000| Untracked 
| 128|0x0000000088000000, 0x0000000088000000, 0x0000000088100000|  0%| F|  |TAMS 0x0000000088000000| PB 0x0000000088000000| Untracked 
| 129|0x0000000088100000, 0x0000000088100000, 0x0000000088200000|  0%| F|  |TAMS 0x0000000088100000| PB 0x0000000088100000| Untracked 
| 130|0x0000000088200000, 0x0000000088200000, 0x0000000088300000|  0%| F|  |TAMS 0x0000000088200000| PB 0x0000000088200000| Untracked 
| 131|0x0000000088300000, 0x0000000088300000, 0x0000000088400000|  0%| F|  |TAMS 0x0000000088300000| PB 0x0000000088300000| Untracked 
| 132|0x0000000088400000, 0x0000000088400000, 0x0000000088500000|  0%| F|  |TAMS 0x0000000088400000| PB 0x0000000088400000| Untracked 
| 133|0x0000000088500000, 0x0000000088500000, 0x0000000088600000|  0%| F|  |TAMS 0x0000000088500000| PB 0x0000000088500000| Untracked 
| 134|0x0000000088600000, 0x0000000088600000, 0x0000000088700000|  0%| F|  |TAMS 0x0000000088600000| PB 0x0000000088600000| Untracked 
| 135|0x0000000088700000, 0x0000000088700000, 0x0000000088800000|  0%| F|  |TAMS 0x0000000088700000| PB 0x0000000088700000| Untracked 
| 136|0x0000000088800000, 0x0000000088800000, 0x0000000088900000|  0%| F|  |TAMS 0x0000000088800000| PB 0x0000000088800000| Untracked 
| 137|0x0000000088900000, 0x0000000088900000, 0x0000000088a00000|  0%| F|  |TAMS 0x0000000088900000| PB 0x0000000088900000| Untracked 
| 138|0x0000000088a00000, 0x0000000088a00000, 0x0000000088b00000|  0%| F|  |TAMS 0x0000000088a00000| PB 0x0000000088a00000| Untracked 
| 139|0x0000000088b00000, 0x0000000088b00000, 0x0000000088c00000|  0%| F|  |TAMS 0x0000000088b00000| PB 0x0000000088b00000| Untracked 
| 140|0x0000000088c00000, 0x0000000088c00000, 0x0000000088d00000|  0%| F|  |TAMS 0x0000000088c00000| PB 0x0000000088c00000| Untracked 
| 141|0x0000000088d00000, 0x0000000088d00000, 0x0000000088e00000|  0%| F|  |TAMS 0x0000000088d00000| PB 0x0000000088d00000| Untracked 
| 142|0x0000000088e00000, 0x0000000088e00000, 0x0000000088f00000|  0%| F|  |TAMS 0x0000000088e00000| PB 0x0000000088e00000| Untracked 
| 143|0x0000000088f00000, 0x0000000088f00000, 0x0000000089000000|  0%| F|  |TAMS 0x0000000088f00000| PB 0x0000000088f00000| Untracked 
| 144|0x0000000089000000, 0x0000000089000000, 0x0000000089100000|  0%| F|  |TAMS 0x0000000089000000| PB 0x0000000089000000| Untracked 
| 145|0x0000000089100000, 0x0000000089100000, 0x0000000089200000|  0%| F|  |TAMS 0x0000000089100000| PB 0x0000000089100000| Untracked 
| 146|0x0000000089200000, 0x0000000089200000, 0x0000000089300000|  0%| F|  |TAMS 0x0000000089200000| PB 0x0000000089200000| Untracked 
| 147|0x0000000089300000, 0x0000000089300000, 0x0000000089400000|  0%| F|  |TAMS 0x0000000089300000| PB 0x0000000089300000| Untracked 
| 148|0x0000000089400000, 0x0000000089400000, 0x0000000089500000|  0%| F|  |TAMS 0x0000000089400000| PB 0x0000000089400000| Untracked 
| 149|0x0000000089500000, 0x0000000089500000, 0x0000000089600000|  0%| F|  |TAMS 0x0000000089500000| PB 0x0000000089500000| Untracked 
| 150|0x0000000089600000, 0x0000000089600000, 0x0000000089700000|  0%| F|  |TAMS 0x0000000089600000| PB 0x0000000089600000| Untracked 
| 151|0x0000000089700000, 0x0000000089700000, 0x0000000089800000|  0%| F|  |TAMS 0x0000000089700000| PB 0x0000000089700000| Untracked 
| 152|0x0000000089800000, 0x0000000089800000, 0x0000000089900000|  0%| F|  |TAMS 0x0000000089800000| PB 0x0000000089800000| Untracked 
| 153|0x0000000089900000, 0x0000000089900000, 0x0000000089a00000|  0%| F|  |TAMS 0x0000000089900000| PB 0x0000000089900000| Untracked 
| 154|0x0000000089a00000, 0x0000000089a00000, 0x0000000089b00000|  0%| F|  |TAMS 0x0000000089a00000| PB 0x0000000089a00000| Untracked 
| 155|0x0000000089b00000, 0x0000000089b00000, 0x0000000089c00000|  0%| F|  |TAMS 0x0000000089b00000| PB 0x0000000089b00000| Untracked 
| 156|0x0000000089c00000, 0x0000000089c00000, 0x0000000089d00000|  0%| F|  |TAMS 0x0000000089c00000| PB 0x0000000089c00000| Untracked 
| 157|0x0000000089d00000, 0x0000000089d00000, 0x0000000089e00000|  0%| F|  |TAMS 0x0000000089d00000| PB 0x0000000089d00000| Untracked 
| 158|0x0000000089e00000, 0x0000000089e00000, 0x0000000089f00000|  0%| F|  |TAMS 0x0000000089e00000| PB 0x0000000089e00000| Untracked 
| 159|0x0000000089f00000, 0x0000000089f00000, 0x000000008a000000|  0%| F|  |TAMS 0x0000000089f00000| PB 0x0000000089f00000| Untracked 
| 160|0x000000008a000000, 0x000000008a000000, 0x000000008a100000|  0%| F|  |TAMS 0x000000008a000000| PB 0x000000008a000000| Untracked 
| 161|0x000000008a100000, 0x000000008a100000, 0x000000008a200000|  0%| F|  |TAMS 0x000000008a100000| PB 0x000000008a100000| Untracked 
| 162|0x000000008a200000, 0x000000008a200000, 0x000000008a300000|  0%| F|  |TAMS 0x000000008a200000| PB 0x000000008a200000| Untracked 
| 163|0x000000008a300000, 0x000000008a300000, 0x000000008a400000|  0%| F|  |TAMS 0x000000008a300000| PB 0x000000008a300000| Untracked 
| 164|0x000000008a400000, 0x000000008a400000, 0x000000008a500000|  0%| F|  |TAMS 0x000000008a400000| PB 0x000000008a400000| Untracked 
| 165|0x000000008a500000, 0x000000008a500000, 0x000000008a600000|  0%| F|  |TAMS 0x000000008a500000| PB 0x000000008a500000| Untracked 
| 166|0x000000008a600000, 0x000000008a600000, 0x000000008a700000|  0%| F|  |TAMS 0x000000008a600000| PB 0x000000008a600000| Untracked 
| 167|0x000000008a700000, 0x000000008a700000, 0x000000008a800000|  0%| F|  |TAMS 0x000000008a700000| PB 0x000000008a700000| Untracked 
| 168|0x000000008a800000, 0x000000008a800000, 0x000000008a900000|  0%| F|  |TAMS 0x000000008a800000| PB 0x000000008a800000| Untracked 
| 169|0x000000008a900000, 0x000000008a900000, 0x000000008aa00000|  0%| F|  |TAMS 0x000000008a900000| PB 0x000000008a900000| Untracked 
| 170|0x000000008aa00000, 0x000000008aa00000, 0x000000008ab00000|  0%| F|  |TAMS 0x000000008aa00000| PB 0x000000008aa00000| Untracked 
| 171|0x000000008ab00000, 0x000000008ab00000, 0x000000008ac00000|  0%| F|  |TAMS 0x000000008ab00000| PB 0x000000008ab00000| Untracked 
| 172|0x000000008ac00000, 0x000000008ac00000, 0x000000008ad00000|  0%| F|  |TAMS 0x000000008ac00000| PB 0x000000008ac00000| Untracked 
| 173|0x000000008ad00000, 0x000000008ad00000, 0x000000008ae00000|  0%| F|  |TAMS 0x000000008ad00000| PB 0x000000008ad00000| Untracked 
| 174|0x000000008ae00000, 0x000000008ae00000, 0x000000008af00000|  0%| F|  |TAMS 0x000000008ae00000| PB 0x000000008ae00000| Untracked 
| 175|0x000000008af00000, 0x000000008af00000, 0x000000008b000000|  0%| F|  |TAMS 0x000000008af00000| PB 0x000000008af00000| Untracked 
| 176|0x000000008b000000, 0x000000008b000000, 0x000000008b100000|  0%| F|  |TAMS 0x000000008b000000| PB 0x000000008b000000| Untracked 
| 177|0x000000008b100000, 0x000000008b100000, 0x000000008b200000|  0%| F|  |TAMS 0x000000008b100000| PB 0x000000008b100000| Untracked 
| 178|0x000000008b200000, 0x000000008b200000, 0x000000008b300000|  0%| F|  |TAMS 0x000000008b200000| PB 0x000000008b200000| Untracked 
| 179|0x000000008b300000, 0x000000008b300000, 0x000000008b400000|  0%| F|  |TAMS 0x000000008b300000| PB 0x000000008b300000| Untracked 
| 180|0x000000008b400000, 0x000000008b400000, 0x000000008b500000|  0%| F|  |TAMS 0x000000008b400000| PB 0x000000008b400000| Untracked 
| 181|0x000000008b500000, 0x000000008b500000, 0x000000008b600000|  0%| F|  |TAMS 0x000000008b500000| PB 0x000000008b500000| Untracked 
| 182|0x000000008b600000, 0x000000008b600000, 0x000000008b700000|  0%| F|  |TAMS 0x000000008b600000| PB 0x000000008b600000| Untracked 
| 183|0x000000008b700000, 0x000000008b700000, 0x000000008b800000|  0%| F|  |TAMS 0x000000008b700000| PB 0x000000008b700000| Untracked 
| 184|0x000000008b800000, 0x000000008b800000, 0x000000008b900000|  0%| F|  |TAMS 0x000000008b800000| PB 0x000000008b800000| Untracked 
| 185|0x000000008b900000, 0x000000008b900000, 0x000000008ba00000|  0%| F|  |TAMS 0x000000008b900000| PB 0x000000008b900000| Untracked 
| 186|0x000000008ba00000, 0x000000008ba00000, 0x000000008bb00000|  0%| F|  |TAMS 0x000000008ba00000| PB 0x000000008ba00000| Untracked 
| 187|0x000000008bb00000, 0x000000008bb00000, 0x000000008bc00000|  0%| F|  |TAMS 0x000000008bb00000| PB 0x000000008bb00000| Untracked 
| 188|0x000000008bc00000, 0x000000008bc00000, 0x000000008bd00000|  0%| F|  |TAMS 0x000000008bc00000| PB 0x000000008bc00000| Untracked 
| 189|0x000000008bd00000, 0x000000008bd00000, 0x000000008be00000|  0%| F|  |TAMS 0x000000008bd00000| PB 0x000000008bd00000| Untracked 
| 190|0x000000008be00000, 0x000000008be00000, 0x000000008bf00000|  0%| F|  |TAMS 0x000000008be00000| PB 0x000000008be00000| Untracked 
| 191|0x000000008bf00000, 0x000000008bf00000, 0x000000008c000000|  0%| F|  |TAMS 0x000000008bf00000| PB 0x000000008bf00000| Untracked 
| 192|0x000000008c000000, 0x000000008c000000, 0x000000008c100000|  0%| F|  |TAMS 0x000000008c000000| PB 0x000000008c000000| Untracked 
| 193|0x000000008c100000, 0x000000008c100000, 0x000000008c200000|  0%| F|  |TAMS 0x000000008c100000| PB 0x000000008c100000| Untracked 
| 194|0x000000008c200000, 0x000000008c200000, 0x000000008c300000|  0%| F|  |TAMS 0x000000008c200000| PB 0x000000008c200000| Untracked 
| 195|0x000000008c300000, 0x000000008c300000, 0x000000008c400000|  0%| F|  |TAMS 0x000000008c300000| PB 0x000000008c300000| Untracked 
| 196|0x000000008c400000, 0x000000008c400000, 0x000000008c500000|  0%| F|  |TAMS 0x000000008c400000| PB 0x000000008c400000| Untracked 
| 197|0x000000008c500000, 0x000000008c500000, 0x000000008c600000|  0%| F|  |TAMS 0x000000008c500000| PB 0x000000008c500000| Untracked 
| 198|0x000000008c600000, 0x000000008c600000, 0x000000008c700000|  0%| F|  |TAMS 0x000000008c600000| PB 0x000000008c600000| Untracked 
| 199|0x000000008c700000, 0x000000008c700000, 0x000000008c800000|  0%| F|  |TAMS 0x000000008c700000| PB 0x000000008c700000| Untracked 
| 200|0x000000008c800000, 0x000000008c800000, 0x000000008c900000|  0%| F|  |TAMS 0x000000008c800000| PB 0x000000008c800000| Untracked 
| 201|0x000000008c900000, 0x000000008c900000, 0x000000008ca00000|  0%| F|  |TAMS 0x000000008c900000| PB 0x000000008c900000| Untracked 
| 202|0x000000008ca00000, 0x000000008ca00000, 0x000000008cb00000|  0%| F|  |TAMS 0x000000008ca00000| PB 0x000000008ca00000| Untracked 
| 203|0x000000008cb00000, 0x000000008cb00000, 0x000000008cc00000|  0%| F|  |TAMS 0x000000008cb00000| PB 0x000000008cb00000| Untracked 
| 204|0x000000008cc00000, 0x000000008cc00000, 0x000000008cd00000|  0%| F|  |TAMS 0x000000008cc00000| PB 0x000000008cc00000| Untracked 
| 205|0x000000008cd00000, 0x000000008cd00000, 0x000000008ce00000|  0%| F|  |TAMS 0x000000008cd00000| PB 0x000000008cd00000| Untracked 
| 206|0x000000008ce00000, 0x000000008ce39558, 0x000000008cf00000| 22%| E|  |TAMS 0x000000008ce00000| PB 0x000000008ce00000| Complete 
| 207|0x000000008cf00000, 0x000000008cfec988, 0x000000008d000000| 92%| E|  |TAMS 0x000000008cf00000| PB 0x000000008cf00000| Complete 
| 208|0x000000008d000000, 0x000000008d100000, 0x000000008d100000|100%| E|CS|TAMS 0x000000008d000000| PB 0x000000008d000000| Complete 
| 209|0x000000008d100000, 0x000000008d200000, 0x000000008d200000|100%| E|CS|TAMS 0x000000008d100000| PB 0x000000008d100000| Complete 
| 210|0x000000008d200000, 0x000000008d300000, 0x000000008d300000|100%| E|CS|TAMS 0x000000008d200000| PB 0x000000008d200000| Complete 
| 211|0x000000008d300000, 0x000000008d400000, 0x000000008d400000|100%| E|CS|TAMS 0x000000008d300000| PB 0x000000008d300000| Complete 
| 212|0x000000008d400000, 0x000000008d500000, 0x000000008d500000|100%| E|CS|TAMS 0x000000008d400000| PB 0x000000008d400000| Complete 
| 213|0x000000008d500000, 0x000000008d600000, 0x000000008d600000|100%| E|CS|TAMS 0x000000008d500000| PB 0x000000008d500000| Complete 
| 214|0x000000008d600000, 0x000000008d700000, 0x000000008d700000|100%| E|CS|TAMS 0x000000008d600000| PB 0x000000008d600000| Complete 
| 215|0x000000008d700000, 0x000000008d800000, 0x000000008d800000|100%| E|CS|TAMS 0x000000008d700000| PB 0x000000008d700000| Complete 
| 216|0x000000008d800000, 0x000000008d900000, 0x000000008d900000|100%| E|CS|TAMS 0x000000008d800000| PB 0x000000008d800000| Complete 
| 217|0x000000008d900000, 0x000000008da00000, 0x000000008da00000|100%| E|CS|TAMS 0x000000008d900000| PB 0x000000008d900000| Complete 
| 218|0x000000008da00000, 0x000000008db00000, 0x000000008db00000|100%| E|CS|TAMS 0x000000008da00000| PB 0x000000008da00000| Complete 
| 219|0x000000008db00000, 0x000000008dc00000, 0x000000008dc00000|100%| E|CS|TAMS 0x000000008db00000| PB 0x000000008db00000| Complete 
| 220|0x000000008dc00000, 0x000000008dd00000, 0x000000008dd00000|100%| E|CS|TAMS 0x000000008dc00000| PB 0x000000008dc00000| Complete 
| 221|0x000000008dd00000, 0x000000008de00000, 0x000000008de00000|100%| E|CS|TAMS 0x000000008dd00000| PB 0x000000008dd00000| Complete 
| 222|0x000000008de00000, 0x000000008df00000, 0x000000008df00000|100%| E|CS|TAMS 0x000000008de00000| PB 0x000000008de00000| Complete 
| 223|0x000000008df00000, 0x000000008e000000, 0x000000008e000000|100%| E|CS|TAMS 0x000000008df00000| PB 0x000000008df00000| Complete 

Card table byte_map: [0x00000198fa840000,0x00000198fac40000] _byte_map_base: 0x00000198fa440000

Marking Bits: (CMBitMap*) 0x00000198f03b3180
 Bits: [0x00000198fac40000, 0x00000198fcc40000)

Polling page: 0x00000198ee6b0000

Metaspace:

Usage:
  Non-class:      4.97 MB used.
      Class:    292.59 KB used.
       Both:      5.26 MB used.

Virtual space:
  Non-class space:       64.00 MB reserved,       5.12 MB (  8%) committed,  1 nodes.
      Class space:        1.00 GB reserved,     384.00 KB ( <1%) committed,  1 nodes.
             Both:        1.06 GB reserved,       5.50 MB ( <1%) committed. 

Chunk freelists:
   Non-Class:  9.12 MB
       Class:  15.58 MB
        Both:  24.70 MB

MaxMetaspaceSize: unlimited
CompressedClassSpaceSize: 1.00 GB
Initial GC threshold: 21.00 MB
Current GC threshold: 21.00 MB
CDS: on
 - commit_granule_bytes: 65536.
 - commit_granule_words: 8192.
 - virtual_space_node_default_size: 8388608.
 - enlarge_chunks_in_place: 1.
 - use_allocation_guard: 0.


Internal statistics:

num_allocs_failed_limit: 0.
num_arena_births: 82.
num_arena_deaths: 0.
num_vsnodes_births: 2.
num_vsnodes_deaths: 0.
num_space_committed: 86.
num_space_uncommitted: 0.
num_chunks_returned_to_freelist: 0.
num_chunks_taken_from_freelist: 208.
num_chunk_merges: 0.
num_chunk_splits: 143.
num_chunks_enlarged: 104.
num_inconsistent_stats: 0.

CodeHeap 'non-profiled nmethods': size=119488Kb used=347Kb max_used=347Kb free=119140Kb
 bounds [0x0000019887b50000, 0x0000019887dc0000, 0x000001988f000000]
CodeHeap 'profiled nmethods': size=119424Kb used=1806Kb max_used=1806Kb free=117617Kb
 bounds [0x0000019880000000, 0x0000019880270000, 0x00000198874a0000]
CodeHeap 'non-nmethods': size=6848Kb used=2316Kb max_used=3452Kb free=4531Kb
 bounds [0x00000198874a0000, 0x0000019887800000, 0x0000019887b50000]
 total_blobs=2314 nmethods=1127 adapters=1098
 compilation: enabled
              stopped_count=0, restarted_count=0
 full_count=0

JVMCI Events (20 events):
Event: 2.240 Thread 0x00000198ff823a70 compacted oop handles in JVMCI runtime 0 from 86 to 84
Event: 2.240 Thread 0x00000198ff823a70 compacted oop handles in JVMCI runtime 0 from 85 to 52
Event: 2.325 Thread 0x00000198ff823a70 compacted oop handles in JVMCI runtime 0 from 72 to 69
Event: 2.452 Thread 0x00000198ff823a70 compacted oop handles in JVMCI runtime 0 from 82 to 80
Event: 2.452 Thread 0x00000198ff823a70 compacted oop handles in JVMCI runtime 0 from 80 to 50
Event: 2.500 Thread 0x00000198ff823a70 compacted oop handles in JVMCI runtime 0 from 319 to 79
Event: 2.535 Thread 0x00000198ff823a70 compacted oop handles in JVMCI runtime 0 from 319 to 79
Event: 2.538 Thread 0x00000198ff823a70 compacted oop handles in JVMCI runtime 0 from 83 to 82
Event: 4.134 Thread 0x00000198ff823a70 compacted oop handles in JVMCI runtime 0 from 85 to 57
Event: 5.193 Thread 0x00000198ff823a70 compacted oop handles in JVMCI runtime 0 from 110 to 93
Event: 5.194 Thread 0x00000198ff823a70 compacted oop handles in JVMCI runtime 0 from 96 to 95
Event: 5.227 Thread 0x00000198ff823a70 compacted oop handles in JVMCI runtime 0 from 112 to 105
Event: 5.337 Thread 0x00000198ff823a70 compacted oop handles in JVMCI runtime 0 from 107 to 106
Event: 5.339 Thread 0x00000198ff823a70 compacted oop handles in JVMCI runtime 0 from 108 to 107
Event: 5.370 Thread 0x00000198ff823a70 compacted oop handles in JVMCI runtime 0 from 120 to 70
Event: 5.378 Thread 0x00000198ff823a70 compacted oop handles in JVMCI runtime 0 from 80 to 76
Event: 5.488 Thread 0x00000198ff823a70 compacted oop handles in JVMCI runtime 0 from 86 to 85
Event: 5.652 Thread 0x00000198ff823a70 compacted oop handles in JVMCI runtime 0 from 131 to 112
Event: 5.652 Thread 0x00000198ff823a70 compacted oop handles in JVMCI runtime 0 from 113 to 78
Event: 5.690 Thread 0x00000198ff823a70 compacted oop handles in JVMCI runtime 0 from 110 to 91

Compilation events (20 events):
Event: 5.609 Thread 0x00000198ffa31c40 nmethod 1111% 0x00000198801baf10 code [0x00000198801bb300, 0x00000198801bcf70]
Event: 5.646 Thread 0x00000198ff823a70 nmethod 1093 0x0000019887b9fa90 code [0x0000019887b9fe00, 0x0000019887ba20b8]
Event: 5.652 Thread 0x00000198ff823a70 1098       4       java.util.jar.JarFile::getVersionedEntry (133 bytes)
Event: 5.690 Thread 0x00000198ff823a70 nmethod 1098 0x0000019887ba3190 code [0x0000019887ba34a0, 0x0000019887ba4c68]
Event: 6.422 Thread 0x00000198ff823a70 1113       4       java.nio.DirectIntBufferU::ix (10 bytes)
Event: 6.423 Thread 0x00000198ff824630 1116       3       java.io.File::exists (34 bytes)
Event: 6.424 Thread 0x00000198ff824630 nmethod 1116 0x00000198801bda90 code [0x00000198801bdc80, 0x00000198801be1e0]
Event: 6.424 Thread 0x00000198ff823a70 nmethod 1113 0x0000019887ba5c10 code [0x0000019887ba5d80, 0x0000019887ba5e08]
Event: 6.425 Thread 0x00000198ff824630 1117       3       java.util.jar.JavaUtilJarAccessImpl::entryFor (6 bytes)
Event: 6.425 Thread 0x00000198ff823a70 1114       4       jdk.internal.jimage.ImageStringsReader::unmaskedHashCode (166 bytes)
Event: 6.426 Thread 0x00000198ff824630 nmethod 1117 0x00000198801be310 code [0x00000198801be4e0, 0x00000198801bea48]
Event: 6.426 Thread 0x00000198ff824630 1118       3       java.util.jar.JarFile::entryFor (10 bytes)
Event: 6.427 Thread 0x00000198ff824630 nmethod 1118 0x00000198801bec10 code [0x00000198801bede0, 0x00000198801bf118]
Event: 6.427 Thread 0x00000198ff824630 1119       3       java.util.jar.JarFile$JarFileEntry::<init> (16 bytes)
Event: 6.428 Thread 0x00000198ff824630 nmethod 1119 0x00000198801bf290 code [0x00000198801bf440, 0x00000198801bf6b0]
Event: 6.428 Thread 0x00000198ff824630 1120       3       java.util.jar.JarEntry::<init> (6 bytes)
Event: 6.428 Thread 0x00000198ff824630 nmethod 1120 0x00000198801bf790 code [0x00000198801bf940, 0x00000198801bfa78]
Event: 6.428 Thread 0x00000198ff824630 1121       3       java.util.zip.ZipEntry::<init> (84 bytes)
Event: 6.430 Thread 0x00000198ff824630 nmethod 1121 0x00000198801bfb10 code [0x00000198801bfd00, 0x00000198801c0290]
Event: 6.430 Thread 0x00000198ff824630 1123       3       sun.security.provider.DigestBase::engineUpdate (176 bytes)

GC Heap History (0 events):
No events

Dll operation events (10 events):
Event: 0.023 Loaded shared library C:\Users\tasherca\.jdks\graalvm-jdk-21.0.7\bin\java.dll
Event: 0.115 Loaded shared library C:\Users\tasherca\.jdks\graalvm-jdk-21.0.7\bin\jsvml.dll
Event: 0.378 Loaded shared library C:\Users\tasherca\.jdks\graalvm-jdk-21.0.7\bin\jvmcicompiler.dll
Event: 0.381 Loaded shared library C:\Users\tasherca\.jdks\graalvm-jdk-21.0.7\bin\net.dll
Event: 0.386 Loaded shared library C:\Users\tasherca\.jdks\graalvm-jdk-21.0.7\bin\nio.dll
Event: 0.396 Loaded shared library C:\Users\tasherca\.jdks\graalvm-jdk-21.0.7\bin\zip.dll
Event: 0.429 Loaded shared library C:\Users\tasherca\.jdks\graalvm-jdk-21.0.7\bin\jimage.dll
Event: 2.149 Loaded shared library C:\Users\tasherca\AppData\Local\Temp\lwjgl_tasherca\3.4.0-snapshot+12\x64\lwjgl.dll
Event: 5.149 Loaded shared library C:\Users\tasherca\AppData\Local\Temp\lwjgl_tasherca\3.4.0-snapshot+12\x64\lwjgl_opengl.dll
Event: 6.421 Loaded shared library C:\Users\tasherca\AppData\Local\Temp\lwjgl_tasherca\3.4.0-snapshot+12\x64\lwjgl_nuklear.dll

Deoptimization events (20 events):
Event: 2.499 Thread 0x00000198f035b2e0 DEOPT PACKING pc=0x00000198800f841b sp=0x00000002e1bfbfa0
Event: 2.499 Thread 0x00000198f035b2e0 DEOPT UNPACKING pc=0x00000198874f4c43 sp=0x00000002e1bfb438 mode 0
Event: 2.499 Thread 0x00000198f035b2e0 DEOPT PACKING pc=0x00000198800f841b sp=0x00000002e1bfbfa0
Event: 2.499 Thread 0x00000198f035b2e0 DEOPT UNPACKING pc=0x00000198874f4c43 sp=0x00000002e1bfb438 mode 0
Event: 2.499 Thread 0x00000198f035b2e0 DEOPT PACKING pc=0x00000198800f841b sp=0x00000002e1bfbfa0
Event: 2.499 Thread 0x00000198f035b2e0 DEOPT UNPACKING pc=0x00000198874f4c43 sp=0x00000002e1bfb438 mode 0
Event: 2.499 Thread 0x00000198f035b2e0 DEOPT PACKING pc=0x00000198800f866b sp=0x00000002e1bfbfa0
Event: 2.499 Thread 0x00000198f035b2e0 DEOPT UNPACKING pc=0x00000198874f4c43 sp=0x00000002e1bfb438 mode 0
Event: 2.500 Thread 0x00000198f035b2e0 DEOPT PACKING pc=0x00000198800f841b sp=0x00000002e1bfbfa0
Event: 2.500 Thread 0x00000198f035b2e0 DEOPT UNPACKING pc=0x00000198874f4c43 sp=0x00000002e1bfb438 mode 0
Event: 2.500 Thread 0x00000198f035b2e0 DEOPT PACKING pc=0x00000198800f841b sp=0x00000002e1bfbfa0
Event: 2.500 Thread 0x00000198f035b2e0 DEOPT UNPACKING pc=0x00000198874f4c43 sp=0x00000002e1bfb438 mode 0
Event: 2.500 Thread 0x00000198f035b2e0 DEOPT PACKING pc=0x00000198800f841b sp=0x00000002e1bfbfa0
Event: 2.500 Thread 0x00000198f035b2e0 DEOPT UNPACKING pc=0x00000198874f4c43 sp=0x00000002e1bfb438 mode 0
Event: 3.311 Thread 0x00000198f035b2e0 DEOPT PACKING pc=0x0000019880090e4e sp=0x00000002e1bfe090
Event: 3.311 Thread 0x00000198f035b2e0 DEOPT UNPACKING pc=0x00000198874f4c43 sp=0x00000002e1bfd578 mode 0
Event: 4.133 Thread 0x00000198f035b2e0 DEOPT PACKING pc=0x00000198800abf16 sp=0x00000002e1bfe110
Event: 4.133 Thread 0x00000198f035b2e0 DEOPT UNPACKING pc=0x00000198874f4c43 sp=0x00000002e1bfd588 mode 0
Event: 5.514 Thread 0x00000198f035b2e0 DEOPT PACKING pc=0x000001988006fb4d sp=0x00000002e1bfcc80
Event: 5.514 Thread 0x00000198f035b2e0 DEOPT UNPACKING pc=0x00000198874f4c43 sp=0x00000002e1bfc168 mode 0

Classes loaded (20 events):
Event: 2.254 Loading class java/nio/DirectDoubleBufferU
Event: 2.255 Loading class java/nio/DirectDoubleBufferU done
Event: 2.255 Loading class sun/misc/Unsafe
Event: 2.255 Loading class sun/misc/Unsafe done
Event: 2.256 Loading class java/lang/invoke/DirectMethodHandle$StaticAccessor
Event: 2.256 Loading class java/lang/invoke/DirectMethodHandle$StaticAccessor done
Event: 2.260 Loading class java/util/function/LongPredicate
Event: 2.260 Loading class java/util/function/LongPredicate done
Event: 2.263 Loading class java/lang/foreign/MemorySegment
Event: 2.263 Loading class java/lang/foreign/MemorySegment done
Event: 2.269 Loading class java/nio/InvalidMarkException
Event: 2.269 Loading class java/nio/InvalidMarkException done
Event: 2.269 Loading class java/nio/BufferUnderflowException
Event: 2.269 Loading class java/nio/BufferUnderflowException done
Event: 2.445 Loading class java/lang/NoSuchFieldError
Event: 2.445 Loading class java/lang/NoSuchFieldError done
Event: 3.318 Loading class jdk/internal/reflect/MethodHandleIntegerFieldAccessorImpl
Event: 3.319 Loading class jdk/internal/reflect/MethodHandleIntegerFieldAccessorImpl done
Event: 4.132 Loading class java/lang/invoke/DirectMethodHandle$Special
Event: 4.132 Loading class java/lang/invoke/DirectMethodHandle$Special done

Classes unloaded (0 events):
No events

Classes redefined (0 events):
No events

Internal exceptions (20 events):
Event: 2.642 Thread 0x00000198f035b2e0 Exception <a 'sun/nio/fs/WindowsException'{0x000000008d33e210}> (0x000000008d33e210) 
thrown [s\open\src\hotspot\share\prims\jni.cpp, line 520]
Event: 2.642 Thread 0x00000198f035b2e0 Exception <a 'sun/nio/fs/WindowsException'{0x000000008d33e5d0}> (0x000000008d33e5d0) 
thrown [s\open\src\hotspot\share\prims\jni.cpp, line 520]
Event: 3.319 Thread 0x00000198f035b2e0 Exception <a 'java/lang/NoSuchMethodError'{0x000000008d344f68}: 'int java.lang.invoke.Invokers$Holder.invokeExact_MT(java.lang.Object, java.lang.Object)'> (0x000000008d344f68) 
thrown [s\open\src\hotspot\share\interpreter\linkResolver.cpp, line 773]
Event: 4.212 Thread 0x00000198f035b2e0 Exception <a 'java/lang/NoSuchMethodError'{0x000000008d3cd558}: 'void java.lang.System.load(java.lang.String, java.lang.Class)'> (0x000000008d3cd558) 
thrown [s\open\src\hotspot\share\interpreter\linkResolver.cpp, line 773]
Event: 4.213 Thread 0x00000198f035b2e0 Exception <a 'java/lang/NoSuchMethodError'{0x000000008d3cff18}: 'void java.lang.System.loadLibrary(java.lang.String, java.lang.Class)'> (0x000000008d3cff18) 
thrown [s\open\src\hotspot\share\interpreter\linkResolver.cpp, line 773]
Event: 4.216 Thread 0x00000198f035b2e0 Exception <a 'sun/nio/fs/WindowsException'{0x000000008d3d63a0}> (0x000000008d3d63a0) 
thrown [s\open\src\hotspot\share\prims\jni.cpp, line 520]
Event: 4.216 Thread 0x00000198f035b2e0 Exception <a 'sun/nio/fs/WindowsException'{0x000000008d3d6a68}> (0x000000008d3d6a68) 
thrown [s\open\src\hotspot\share\prims\jni.cpp, line 520]
Event: 4.217 Thread 0x00000198f035b2e0 Exception <a 'sun/nio/fs/WindowsException'{0x000000008d3dd910}> (0x000000008d3dd910) 
thrown [s\open\src\hotspot\share\prims\jni.cpp, line 520]
Event: 4.363 Thread 0x00000198f035b2e0 Exception <a 'sun/nio/fs/WindowsException'{0x000000008d3e2720}> (0x000000008d3e2720) 
thrown [s\open\src\hotspot\share\prims\jni.cpp, line 520]
Event: 4.363 Thread 0x00000198f035b2e0 Exception <a 'sun/nio/fs/WindowsException'{0x000000008d3e2b20}> (0x000000008d3e2b20) 
thrown [s\open\src\hotspot\share\prims\jni.cpp, line 520]
Event: 5.170 Thread 0x00000198f035b2e0 Exception <a 'sun/nio/fs/WindowsException'{0x000000008d3f8a60}> (0x000000008d3f8a60) 
thrown [s\open\src\hotspot\share\prims\jni.cpp, line 520]
Event: 5.170 Thread 0x00000198f035b2e0 Exception <a 'sun/nio/fs/WindowsException'{0x000000008d3f8d90}> (0x000000008d3f8d90) 
thrown [s\open\src\hotspot\share\prims\jni.cpp, line 520]
Event: 5.589 Thread 0x00000198f035b2e0 Exception <a 'java/lang/NoSuchMethodError'{0x000000008cf78240}: 'long java.lang.invoke.DirectMethodHandle$Holder.invokeStatic(java.lang.Object, long, long, long)'> (0x000000008cf78240) 
thrown [s\open\src\hotspot\share\interpreter\linkResolver.cpp, line 773]
Event: 5.604 Thread 0x00000198f035b2e0 Exception <a 'java/lang/NoSuchMethodError'{0x000000008cfcd368}: 'void java.lang.System.load(java.lang.String, java.lang.Class)'> (0x000000008cfcd368) 
thrown [s\open\src\hotspot\share\interpreter\linkResolver.cpp, line 773]
Event: 5.605 Thread 0x00000198f035b2e0 Exception <a 'java/lang/NoSuchMethodError'{0x000000008cfcfd58}: 'void java.lang.System.loadLibrary(java.lang.String, java.lang.Class)'> (0x000000008cfcfd58) 
thrown [s\open\src\hotspot\share\interpreter\linkResolver.cpp, line 773]
Event: 5.606 Thread 0x00000198f035b2e0 Exception <a 'sun/nio/fs/WindowsException'{0x000000008cfd5b50}> (0x000000008cfd5b50) 
thrown [s\open\src\hotspot\share\prims\jni.cpp, line 520]
Event: 5.606 Thread 0x00000198f035b2e0 Exception <a 'sun/nio/fs/WindowsException'{0x000000008cfd6218}> (0x000000008cfd6218) 
thrown [s\open\src\hotspot\share\prims\jni.cpp, line 520]
Event: 5.607 Thread 0x00000198f035b2e0 Exception <a 'sun/nio/fs/WindowsException'{0x000000008cfdd0d0}> (0x000000008cfdd0d0) 
thrown [s\open\src\hotspot\share\prims\jni.cpp, line 520]
Event: 5.725 Thread 0x00000198f035b2e0 Exception <a 'sun/nio/fs/WindowsException'{0x000000008cfe1f60}> (0x000000008cfe1f60) 
thrown [s\open\src\hotspot\share\prims\jni.cpp, line 520]
Event: 5.725 Thread 0x00000198f035b2e0 Exception <a 'sun/nio/fs/WindowsException'{0x000000008cfe2370}> (0x000000008cfe2370) 
thrown [s\open\src\hotspot\share\prims\jni.cpp, line 520]

ZGC Phase Switch (0 events):
No events

VM Operations (18 events):
Event: 0.312 Executing VM operation: HandshakeAllThreads (Deoptimize)
Event: 0.312 Executing VM operation: HandshakeAllThreads (Deoptimize) done
Event: 0.446 Executing VM operation: HandshakeAllThreads (Deoptimize)
Event: 0.446 Executing VM operation: HandshakeAllThreads (Deoptimize) done
Event: 0.606 Executing VM operation: HandshakeAllThreads (Deoptimize)
Event: 0.606 Executing VM operation: HandshakeAllThreads (Deoptimize) done
Event: 0.742 Executing VM operation: HandshakeAllThreads (Deoptimize)
Event: 0.743 Executing VM operation: HandshakeAllThreads (Deoptimize) done
Event: 1.756 Executing VM operation: Cleanup
Event: 1.756 Executing VM operation: Cleanup done
Event: 2.762 Executing VM operation: Cleanup
Event: 2.762 Executing VM operation: Cleanup done
Event: 3.775 Executing VM operation: Cleanup
Event: 3.775 Executing VM operation: Cleanup done
Event: 4.787 Executing VM operation: Cleanup
Event: 4.787 Executing VM operation: Cleanup done
Event: 5.803 Executing VM operation: Cleanup
Event: 5.803 Executing VM operation: Cleanup done

Events (15 events):
Event: 0.054 Thread 0x00000198f035b2e0 Thread added: 0x00000198f035b2e0
Event: 0.110 Thread 0x00000198ff7fe4b0 Thread added: 0x00000198ff7fe4b0
Event: 0.110 Thread 0x00000198ff805ba0 Thread added: 0x00000198ff805ba0
Event: 0.111 Thread 0x00000198ff807880 Thread added: 0x00000198ff807880
Event: 0.111 Thread 0x00000198ff808550 Thread added: 0x00000198ff808550
Event: 0.111 Thread 0x00000198ff809b10 Thread added: 0x00000198ff809b10
Event: 0.112 Thread 0x00000198ff80b330 Thread added: 0x00000198ff80b330
Event: 0.112 Thread 0x00000198ff823a70 Thread added: 0x00000198ff823a70
Event: 0.112 Thread 0x00000198ff824630 Thread added: 0x00000198ff824630
Event: 0.121 Thread 0x00000198ff894670 Thread added: 0x00000198ff894670
Event: 0.293 Thread 0x00000198ff982aa0 Thread added: 0x00000198ff982aa0
Event: 0.339 Thread 0x00000198ff9eb710 Thread added: 0x00000198ff9eb710
Event: 0.405 Thread 0x00000198ffa31c40 Thread added: 0x00000198ffa31c40
Event: 6.422 Thread 0x00000198ffa31c40 Thread exited: 0x00000198ffa31c40
Event: 6.422 Thread 0x00000198ff894670 Thread exited: 0x00000198ff894670


Dynamic libraries:
0x00007ff71c7d0000 - 0x00007ff71c7e0000 	C:\Users\tasherca\.jdks\graalvm-jdk-21.0.7\bin\java.exe
0x00007ffbe61e0000 - 0x00007ffbe6448000 	C:\WINDOWS\SYSTEM32\ntdll.dll
0x00007ffbe5aa0000 - 0x00007ffbe5b69000 	C:\WINDOWS\System32\KERNEL32.DLL
0x00007ffbe3370000 - 0x00007ffbe3762000 	C:\WINDOWS\System32\KERNELBASE.dll
0x00007ffbe3bc0000 - 0x00007ffbe3d0b000 	C:\WINDOWS\System32\ucrtbase.dll
0x00007ffbdda70000 - 0x00007ffbdda8b000 	C:\Users\tasherca\.jdks\graalvm-jdk-21.0.7\bin\VCRUNTIME140.dll
0x00007ffbdbd40000 - 0x00007ffbdbd59000 	C:\Users\tasherca\.jdks\graalvm-jdk-21.0.7\bin\jli.dll
0x00007ffbe3fb0000 - 0x00007ffbe4064000 	C:\WINDOWS\System32\ADVAPI32.dll
0x00007ffbe4470000 - 0x00007ffbe4519000 	C:\WINDOWS\System32\msvcrt.dll
0x00007ffbe5f30000 - 0x00007ffbe5fd6000 	C:\WINDOWS\System32\sechost.dll
0x00007ffbe6040000 - 0x00007ffbe6158000 	C:\WINDOWS\System32\RPCRT4.dll
0x00007ffbe42a0000 - 0x00007ffbe4465000 	C:\WINDOWS\System32\USER32.dll
0x00007ffbe3e40000 - 0x00007ffbe3e67000 	C:\WINDOWS\System32\win32u.dll
0x00007ffbe4520000 - 0x00007ffbe454b000 	C:\WINDOWS\System32\GDI32.dll
0x00007ffbc6180000 - 0x00007ffbc6413000 	C:\WINDOWS\WinSxS\amd64_microsoft.windows.common-controls_6595b64144ccf1df_6.0.26100.6725_none_3e085828e334708b\COMCTL32.dll
0x00007ffbe3d10000 - 0x00007ffbe3e3d000 	C:\WINDOWS\System32\gdi32full.dll
0x00007ffbe3e70000 - 0x00007ffbe3f13000 	C:\WINDOWS\System32\msvcp_win.dll
0x00007ffbe0a60000 - 0x00007ffbe0a6b000 	C:\WINDOWS\SYSTEM32\VERSION.dll
0x00007ffbe5b70000 - 0x00007ffbe5b9f000 	C:\WINDOWS\System32\IMM32.DLL
0x00007ffbdda60000 - 0x00007ffbdda6c000 	C:\Users\tasherca\.jdks\graalvm-jdk-21.0.7\bin\vcruntime140_1.dll
0x00007ffbdb510000 - 0x00007ffbdb59e000 	C:\Users\tasherca\.jdks\graalvm-jdk-21.0.7\bin\msvcp140.dll
0x00007ffb61310000 - 0x00007ffb62034000 	C:\Users\tasherca\.jdks\graalvm-jdk-21.0.7\bin\server\jvm.dll
0x00007ffbe59b0000 - 0x00007ffbe5a24000 	C:\WINDOWS\System32\WS2_32.dll
0x00007ffbe31f0000 - 0x00007ffbe324e000 	C:\WINDOWS\SYSTEM32\POWRPROF.dll
0x00007ffbda730000 - 0x00007ffbda765000 	C:\WINDOWS\SYSTEM32\WINMM.dll
0x00007ffbe31d0000 - 0x00007ffbe31e4000 	C:\WINDOWS\SYSTEM32\UMPDC.dll
0x00007ffbe2100000 - 0x00007ffbe211b000 	C:\WINDOWS\SYSTEM32\kernel.appcore.dll
0x00007ffbdbd30000 - 0x00007ffbdbd3a000 	C:\Users\tasherca\.jdks\graalvm-jdk-21.0.7\bin\jimage.dll
0x00007ffbe07c0000 - 0x00007ffbe0a02000 	C:\WINDOWS\SYSTEM32\DBGHELP.DLL
0x00007ffbe4f60000 - 0x00007ffbe52db000 	C:\WINDOWS\System32\combase.dll
0x00007ffbe5440000 - 0x00007ffbe5517000 	C:\WINDOWS\System32\OLEAUT32.dll
0x00007ffbc5600000 - 0x00007ffbc563c000 	C:\WINDOWS\SYSTEM32\dbgcore.DLL
0x00007ffbe39b0000 - 0x00007ffbe3a48000 	C:\WINDOWS\System32\bcryptPrimitives.dll
0x00007ffbdbd10000 - 0x00007ffbdbd2f000 	C:\Users\tasherca\.jdks\graalvm-jdk-21.0.7\bin\java.dll
0x00007ffbe4810000 - 0x00007ffbe4f5c000 	C:\WINDOWS\System32\SHELL32.dll
0x00007ffbe3a50000 - 0x00007ffbe3bbb000 	C:\WINDOWS\System32\wintypes.dll
0x00007ffbe0fa0000 - 0x00007ffbe17fd000 	C:\WINDOWS\SYSTEM32\windows.storage.dll
0x00007ffbe5bb0000 - 0x00007ffbe5ca2000 	C:\WINDOWS\System32\SHCORE.dll
0x00007ffbe5a30000 - 0x00007ffbe5a92000 	C:\WINDOWS\System32\shlwapi.dll
0x00007ffbe3290000 - 0x00007ffbe32b9000 	C:\WINDOWS\SYSTEM32\profapi.dll
0x00007ffbb6a50000 - 0x00007ffbb6b27000 	C:\Users\tasherca\.jdks\graalvm-jdk-21.0.7\bin\jsvml.dll
0x00007ffb57460000 - 0x00007ffb5a489000 	C:\Users\tasherca\.jdks\graalvm-jdk-21.0.7\bin\jvmcicompiler.dll
0x00007ffbe4290000 - 0x00007ffbe4298000 	C:\WINDOWS\System32\PSAPI.DLL
0x00007ffbe3830000 - 0x00007ffbe39a7000 	C:\WINDOWS\System32\CRYPT32.dll
0x00007ffbe1b50000 - 0x00007ffbe1b84000 	C:\WINDOWS\SYSTEM32\IPHLPAPI.DLL
0x00007ffbe2b80000 - 0x00007ffbe2bb0000 	C:\WINDOWS\SYSTEM32\ncrypt.dll
0x00007ffbe2650000 - 0x00007ffbe26bb000 	C:\WINDOWS\SYSTEM32\MSWSOCK.dll
0x00007ffbe26f0000 - 0x00007ffbe271b000 	C:\WINDOWS\SYSTEM32\USERENV.dll
0x00007ffbe2b30000 - 0x00007ffbe2b6f000 	C:\WINDOWS\SYSTEM32\NTASN1.dll
0x00007ffbdbd00000 - 0x00007ffbdbd10000 	C:\Users\tasherca\.jdks\graalvm-jdk-21.0.7\bin\net.dll
0x00007ffbda930000 - 0x00007ffbdaa4f000 	C:\WINDOWS\SYSTEM32\WINHTTP.dll
0x00007ffbdbce0000 - 0x00007ffbdbcf6000 	C:\Users\tasherca\.jdks\graalvm-jdk-21.0.7\bin\nio.dll
0x00007ffbdb4f0000 - 0x00007ffbdb508000 	C:\Users\tasherca\.jdks\graalvm-jdk-21.0.7\bin\zip.dll
0x00007ffbd11f0000 - 0x00007ffbd1270000 	C:\Users\tasherca\AppData\Local\Temp\lwjgl_tasherca\3.4.0-snapshot+12\x64\lwjgl.dll
0x00007ffb78200000 - 0x00007ffb78471000 	C:\Users\tasherca\AppData\Local\Temp\lwjgl_tasherca\3.4.0-snapshot+12\x64\jemalloc.dll
0x00007ffbcef50000 - 0x00007ffbcefd9000 	C:\Users\tasherca\AppData\Local\Temp\lwjgl_tasherca\3.4.0-snapshot+12\x64\glfw.dll
0x00007ffbd1040000 - 0x00007ffbd108b000 	C:\WINDOWS\SYSTEM32\dinput8.dll
0x00007ffbdb4d0000 - 0x00007ffbdb4ec000 	C:\WINDOWS\SYSTEM32\xinput1_4.dll
0x00007ffbe2ec0000 - 0x00007ffbe2eed000 	C:\WINDOWS\SYSTEM32\DEVOBJ.dll
0x00007ffbe2ef0000 - 0x00007ffbe2f47000 	C:\WINDOWS\SYSTEM32\cfgmgr32.dll
0x00007ffbdffa0000 - 0x00007ffbdffcb000 	C:\WINDOWS\SYSTEM32\dwmapi.dll
0x00007ffbd15d0000 - 0x00007ffbd17ae000 	C:\WINDOWS\SYSTEM32\inputhost.dll
0x00007ffbdf2f0000 - 0x00007ffbdf415000 	C:\WINDOWS\SYSTEM32\CoreMessaging.dll
0x00007ffbdfd00000 - 0x00007ffbdfdaa000 	C:\WINDOWS\system32\uxtheme.dll
0x00007ffbe52e0000 - 0x00007ffbe543b000 	C:\WINDOWS\System32\MSCTF.dll
0x00007ffbe2890000 - 0x00007ffbe289c000 	C:\WINDOWS\SYSTEM32\CRYPTBASE.DLL
0x00007ffb9f070000 - 0x00007ffb9f17c000 	C:\WINDOWS\SYSTEM32\opengl32.dll
0x00007ffb9eb20000 - 0x00007ffb9eb4d000 	C:\WINDOWS\SYSTEM32\GLU32.dll
0x00007ffbdffe0000 - 0x00007ffbe0024000 	C:\WINDOWS\SYSTEM32\dxcore.dll
0x00007ffbdc5b0000 - 0x00007ffbdc613000 	C:\WINDOWS\SYSTEM32\directxdatabasehelper.dll
0x00007ffbd9f60000 - 0x00007ffbd9f7a000 	C:\WINDOWS\SYSTEM32\windows.staterepositorycore.dll
0x00007ffbc02d0000 - 0x00007ffbc02ff000 	C:\WINDOWS\System32\DriverStore\FileRepository\u0417877.inf_amd64_8b2c2b61b3f8a9e5\B417004\atig6pxx.dll
0x00007ffb690f0000 - 0x00007ffb6d5ce000 	C:\WINDOWS\System32\DriverStore\FileRepository\u0417877.inf_amd64_8b2c2b61b3f8a9e5\B417004\atio6axx.dll
0x00007ffbe5520000 - 0x00007ffbe59a8000 	C:\WINDOWS\System32\SETUPAPI.dll
0x00007ffbd67a0000 - 0x00007ffbd67d5000 	C:\WINDOWS\SYSTEM32\amdihk64.dll
0x00007ffbe3f20000 - 0x00007ffbe3f9f000 	C:\WINDOWS\System32\WINTRUST.dll
0x00007ffbe2a90000 - 0x00007ffbe2aa3000 	C:\WINDOWS\SYSTEM32\MSASN1.dll
0x00007ffbe3260000 - 0x00007ffbe3286000 	C:\WINDOWS\SYSTEM32\BCrypt.dll
0x00007ffbdfe40000 - 0x00007ffbdff7b000 	C:\WINDOWS\system32\dxgi.dll
0x00007ffb5c930000 - 0x00007ffb60f09000 	C:\WINDOWS\System32\DriverStore\FileRepository\u0417877.inf_amd64_8b2c2b61b3f8a9e5\B417004\amdxc64.dll
0x00007ffbe4670000 - 0x00007ffbe4808000 	C:\WINDOWS\System32\ole32.dll
0x00007ffbdf0c0000 - 0x00007ffbdf2e2000 	C:\WINDOWS\SYSTEM32\dcomp.dll
0x00007ffbde280000 - 0x00007ffbde299000 	C:\WINDOWS\SYSTEM32\Microsoft.Internal.WarpPal.dll
0x00007ffbd6d40000 - 0x00007ffbd6d63000 	C:\WINDOWS\system32\d3d12.dll
0x00007ffbb8da0000 - 0x00007ffbb90f6000 	C:\WINDOWS\system32\D3D12Core.dll
0x00007ffbd2ea0000 - 0x00007ffbd2f85000 	C:\WINDOWS\SYSTEM32\D3DSCache.dll
0x00007ffbd2120000 - 0x00007ffbd226a000 	C:\WINDOWS\SYSTEM32\textinputframework.dll
0x00007ffbdb730000 - 0x00007ffbdba13000 	C:\WINDOWS\SYSTEM32\CoreUIComponents.dll
0x00007ffbc3b30000 - 0x00007ffbc3b8c000 	C:\Users\tasherca\AppData\Local\Temp\lwjgl_tasherca\3.4.0-snapshot+12\x64\lwjgl_opengl.dll
0x00007ffbc2ea0000 - 0x00007ffbc2f15000 	C:\Users\tasherca\AppData\Local\Temp\lwjgl_tasherca\3.4.0-snapshot+12\x64\lwjgl_nuklear.dll

dbghelp: loaded successfully - version: 4.0.5 - missing functions: none
symbol engine: initialized successfully - sym options: 0x614 - pdb path: .;C:\Users\tasherca\.jdks\graalvm-jdk-21.0.7\bin;C:\WINDOWS\SYSTEM32;C:\WINDOWS\WinSxS\amd64_microsoft.windows.common-controls_6595b64144ccf1df_6.0.26100.6725_none_3e085828e334708b;C:\Users\tasherca\.jdks\graalvm-jdk-21.0.7\bin\server;C:\Users\tasherca\AppData\Local\Temp\lwjgl_tasherca\3.4.0-snapshot+12\x64;C:\WINDOWS\System32\DriverStore\FileRepository\u0417877.inf_amd64_8b2c2b61b3f8a9e5\B417004

VM Arguments:
jvm_args: -XX:ThreadPriorityPolicy=1 -XX:+UnlockExperimentalVMOptions -XX:+EnableJVMCIProduct -XX:-UnlockExperimentalVMOptions -Xmx2g -Dfile.encoding=UTF-8 -Duser.country=RU -Duser.language=ru -Duser.variant 
java_command: org.example.Main
java_class_path (initial): C:\Users\tasherca\IdeaProjects\NexylEngine\build\classes\java\main;C:\Users\tasherca\IdeaProjects\NexylEngine\build\resources\main;C:\Users\tasherca\.gradle\caches\modules-2\files-2.1\org.lwjgl\lwjgl-assimp\3.4.0-SNAPSHOT\619faedebf2229554fa13591c158bba346c38df8\lwjgl-assimp-3.4.0-SNAPSHOT.jar;C:\Users\tasherca\.gradle\caches\modules-2\files-2.1\org.lwjgl\lwjgl-assimp\3.4.0-SNAPSHOT\a11e42560ec04e70292a6ab77306135fe05b7353\lwjgl-assimp-3.4.0-SNAPSHOT-natives-windows.jar;C:\Users\tasherca\.gradle\caches\modules-2\files-2.1\org.lwjgl\lwjgl-bgfx\3.4.0-SNAPSHOT\26310a28528b4cddb3e437e3fa3441724375a19a\lwjgl-bgfx-3.4.0-SNAPSHOT.jar;C:\Users\tasherca\.gradle\caches\modules-2\files-2.1\org.lwjgl\lwjgl-bgfx\3.4.0-SNAPSHOT\86d7556e87810fc7b7353acd6ca7448140e9e62a\lwjgl-bgfx-3.4.0-SNAPSHOT-natives-windows.jar;C:\Users\tasherca\.gradle\caches\modules-2\files-2.1\org.lwjgl\lwjgl-egl\3.4.0-SNAPSHOT\81bc5ca22e7fa6ab99589759c696767cd27e9b74\lwjgl-egl-3.4.0-SNAPSHOT.jar;C:\Users\tasherca\.gradle\caches\modules-2\files-2.1\org.lwjgl\lwjgl-fmod\3.4.0-SNAPSHOT\88593ad98e6438195da6ca62b9126be754b16431\lwjgl-fmod-3.4.0-SNAPSHOT.jar;C:\Users\tasherca\.gradle\caches\modules-2\files-2.1\org.lwjgl\lwjgl-freetype\3.4.0-SNAPSHOT\2adf01129911c2eea3490e667dc5247c5da08fe8\lwjgl-freetype-3.4.0-SNAPSHOT.jar;C:\Users\tasherca\.gradle\caches\modules-2\files-2.1\org.lwjgl\lwjgl-freetype\3.4.0-SNAPSHOT\b887be711b92874cb2e559572f7f6eebb62abc3c\lwjgl-freetype-3.4.0-SNAPSHOT-natives-windows.jar;C:\Users\tasherca\.gradle\caches\modules-2\files-2.1\org.lwjgl\lwjgl-glfw\3.4.0-SNAPSHOT\d1531458f90f79ff70dfe4a527a4cf219a8f35c4\lwjgl-glfw-3.4.0-SNAPSHOT.jar;C:\Users\tasherca\.gradle\caches\modules-2\files-2.1\org.lwjgl\lwjgl-glfw\3.4.0-SNAPSHOT\a135fb9b71cddda51009a872f034f22744cdaea4\lwjgl-glfw-3.4.0-SNAPSHOT-natives-windows.jar;C:\Users\tasherca\.gradle\caches\modules-2\files-2.1\org.lwjgl\lwjgl-harfbuzz\3.4.0-SNAPSHOT\6eb1cc4265a2ad4c9ea9e7fa1ca36b100d2bc0b\lwjgl-harfbuzz-3.4.0-SNAPSHOT.jar;C:\Users\tasherca\.gradle\caches\modules-2\files-2.1\org.lwjgl\lwjgl-harfbuzz\3.4.0-SNAPSHOT\b69dee7db26b19e2f92c2626cdabd53c8a1a39be\lwjgl-harfbuzz-3.4.0-SNAPSHOT-natives-windows.jar;C:\Users\tasherca\.gradle\caches\modules-2\files-2.1\org.lwjgl\lwjgl-hwloc\3.4.0-SNAPSHOT\b1b3750fe4b37e8754b79fc965531b2146b28f0\lwjgl-hwloc-3.4.0-SNAPSHOT.jar;C:\Users\tasherca\.gradle\caches\modules-2\files-2.1\org.lwjgl\lwjgl-hwloc\3.4.0-SNAPSHOT\9b6b82db79d47d0ebc3797e45f040bf3b5f19605\lwjgl-hwloc-3.4.0-SNAPSHOT-natives-windows.jar;C:\Users\tasherca\.gradle\caches\modules-2\files-2.1\org.lwjgl\lwjgl-jawt\3.4.0-SNAPSHOT\be377ff4c14f453b58e577ce1567a73ab6d5a931\lwjgl-jawt-3.4.0-SNAPSHOT.jar;C:\Users\tasherca\.gradle\caches\modules-2\files-2.1\org.lwjgl\lwjgl-jemalloc\3.4.0-SNAPSHOT\5ba50ffae580a2deec012225897a139d48452f86\lwjgl-jemalloc-3.4.0-SNAPSHOT.jar;C:\Users\tasherca\.gradle\caches\modules-2\files-2.1\org.lwjgl\lwjgl-jemalloc\3.4.0-SNAPSHOT\9e4a53c990f4f35c39174558dc8c712997381c3c\lwjgl-jemalloc-3.4.0-SNAPSHOT-natives-windows.jar;C:\Users\tasherca\.gradle\caches\modules-2\files-2.1\org.lwjgl\lwjgl-ktx\3.4.0-SNAPSHOT\7c5eb4d4671523312e117f9c9276b31482679fed\lwjgl-ktx-3.4.0-SNAPSHOT.jar;C:\Users\tasherca\.gradle\caches\modules-2\files-2.1\org.lwjgl\lwjgl-ktx\3.4.0-SNAPSHOT\86793183721f3c9b4bfa93cb19b57e1e1e18c516\lwjgl-ktx-3.4.0-SNAPSHOT-natives-windows.jar;C:\Users\tasherca\.gradle\caches\modules-2\files-2.1\org.lwjgl\lwjgl-llvm\3.4.0-SNAPSHOT\a95a3f2bca5418d21c62386e0facbc5266611bf8\lwjgl-llvm-3.4.0-SNAPSHOT.jar;C:\Users\tasherca\.gradle\caches\modules-2\files-2.1\org.lwjgl\lwjgl-llvm\3.4.0-SNAPSHOT\787f9dd25eef6ae7a91c986464634fb0b91f345f\lwjgl-llvm-3.4.0-SNAPSHOT-natives-windows.jar;C:\Users\tasherca\.gradle\caches\modules-2\files-2.1\org.lwjgl\lwjgl-lmdb\3.4.0-SNAPSHOT\d498fa549fce469eed6d54adaf289f1e7768cabc\lwjgl-lmdb-3.4.0-SNAPSHOT.jar;C:\Users\tasherca\.gradle\caches\modules-2\files-2.1\org.lwjgl\lwjgl-lmdb\3.4.0-SNAPSHOT\4459a4ead44d402ddcdbcca2e2e57502a575ac50\lwjgl-lmdb-3.4.0-SNAPSHOT-natives-windows.jar;C:\Users\tasherca\.gradle\caches\modules-2\files-2.1\org.lwjgl\lwjgl-lz4\3.4.0-SNAPSHOT\4eea2d79f16f9fd642357bdaedc41714706f9481\lwjgl-lz4-3.4.0-SNAPSHOT.jar;C:\Users\tasherca\.gradle\caches\modules-2\files-2.1\org.lwjgl\lwjgl-lz4\3.4.0-SNAPSHOT\800821dd7bb87b804e5aaa25167d907a286de214\lwjgl-lz4-3.4.0-SNAPSHOT-natives-windows.jar;C:\Users\tasherca\.gradle\caches\modules-2\files-2.1\org.lwjgl\lwjgl-meshoptimizer\3.4.0-SNAPSHOT\96f90faddc8af8416b8b3f170fd17b229c3a892c\lwjgl-meshoptimizer-3.4.0-SNAPSHOT.jar;C:\Users\tasherca\.gradle\caches\modules-2\files-2.1\org.lwjgl\lwjgl-meshoptimizer\3.4.0-SNAPSHOT\ba2c816b37e1c30d6f89e1c8da0dcefc3468de6b\lwjgl-meshoptimizer-3.4.0-SNAPSHOT-natives-windows.jar;C:\Users\tasherca\.gradle\caches\modules-2\files-2.1\org.lwjgl\lwjgl-msdfgen\3.4.0-SNAPSHOT\cf0aceeba10cbb277b63aa0f5b5a9376de69e459\lwjgl-msdfgen-3.4.0-SNAPSHOT.jar;C:\Users\tasherca\.gradle\caches\modules-2\files-2.1\org.lwjgl\lwjgl-msdfgen\3.4.0-SNAPSHOT\9c16669ee72d26fb7cf4e56698a42f97106bb36\lwjgl-msdfgen-3.4.0-SNAPSHOT-natives-windows.jar;C:\Users\tasherca\.gradle\caches\modules-2\files-2.1\org.lwjgl\lwjgl-nanovg\3.4.0-SNAPSHOT\b8c3e320ebc6360de8fce9dbf279f900b2684fcb\lwjgl-nanovg-3.4.0-SNAPSHOT.jar;C:\Users\tasherca\.gradle\caches\modules-2\files-2.1\org.lwjgl\lwjgl-nanovg\3.4.0-SNAPSHOT\aad11b4440dca63a6ff79811a766ca54145af882\lwjgl-nanovg-3.4.0-SNAPSHOT-natives-windows.jar;C:\Users\tasherca\.gradle\caches\modules-2\files-2.1\org.lwjgl\lwjgl-nfd\3.4.0-SNAPSHOT\389deef27ee97970519938f44557be3bf7239e55\lwjgl-nfd-3.4.0-SNAPSHOT.jar;C:\Users\tasherca\.gradle\caches\modules-2\files-2.1\org.lwjgl\lwjgl-nfd\3.4.0-SNAPSHOT\b0336f282745ec4c4c3b4a84fb8fafd2c429ffc5\lwjgl-nfd-3.4.0-SNAPSHOT-natives-windows.jar;C:\Users\tasherca\.gradle\caches\modules-2\files-2.1\org.lwjgl\lwjgl-nuklear\3.4.0-SNAPSHOT\7c77e016cbc2a1fd485058ebe6a5d0e859d7214d\lwjgl-nuklear-3.4.0-SNAPSHOT.jar;C:\Users\tasherca\.gradle\caches\modules-2\files-2.1\org.lwjgl\lwjgl-nuklear\3.4.0-SNAPSHOT\1e6d566bfdfddce0fac68756e3861504bb5a9a61\lwjgl-nuklear-3.4.0-SNAPSHOT-natives-windows.jar;C:\Users\tasherca\.gradle\caches\modules-2\files-2.1\org.lwjgl\lwjgl-odbc\3.4.0-SNAPSHOT\cf81712160e00e9e77e4bd3dc91c0a80b39415a7\lwjgl-odbc-3.4.0-SNAPSHOT.jar;C:\Users\tasherca\.gradle\caches\modules-2\files-2.1\org.lwjgl\lwjgl-openal\3.4.0-SNAPSHOT\ba8dbb7c9c61fefc682c899896b24a80fd661fa4\lwjgl-openal-3.4.0-SNAPSHOT.jar;C:\Users\tasherca\.gradle\caches\modules-2\files-2.1\org.lwjgl\lwjgl-openal\3.4.0-SNAPSHOT\5d11438aae420eef4eb3eea35b0fda6e040b73e1\lwjgl-openal-3.4.0-SNAPSHOT-natives-windows.jar;C:\Users\tasherca\.gradle\caches\modules-2\files-2.1\org.lwjgl\lwjgl-opencl\3.4.0-SNAPSHOT\dec1b1d9bdb979cd626e31a6bc9d51b4dc64e811\lwjgl-opencl-3.4.0-SNAPSHOT.jar;C:\Users\tasherca\.gradle\caches\modules-2\files-2.1\org.lwjgl\lwjgl-opengl\3.4.0-SNAPSHOT\81e0bc7c5c90387bfec3e98598cec21ef10a082d\lwjgl-opengl-3.4.0-SNAPSHOT.jar;C:\Users\tasherca\.gradle\caches\modules-2\files-2.1\org.lwjgl\lwjgl-opengl\3.4.0-SNAPSHOT\ac0a8b8514a30448c32dbf882ea76e737ad61ea1\lwjgl-opengl-3.4.0-SNAPSHOT-natives-windows.jar;C:\Users\tasherca\.gradle\caches\modules-2\files-2.1\org.lwjgl\lwjgl-opengles\3.4.0-SNAPSHOT\74693dcefaf3e2ca1676411e4e77350c7b614f89\lwjgl-opengles-3.4.0-SNAPSHOT.jar;C:\Users\tasherca\.gradle\caches\modules-2\files-2.1\org.lwjgl\lwjgl-opengles\3.4.0-SNAPSHOT\df81e2b606b6391642bae4cb9ec1cd07a80c1711\lwjgl-opengles-3.4.0-SNAPSHOT-natives-windows.jar;C:\Users\tasherca\.gradle\caches\modules-2\files-2.1\org.lwjgl\lwjgl-openxr\3.4.0-SNAPSHOT\b78db8d10cad7a82d3fa8e58c2c9a81bf0544742\lwjgl-openxr-3.4.0-SNAPSHOT.jar;C:\Users\tasherca\.gradle\caches\modules-2\files-2.1\org.lwjgl\lwjgl-openxr\3.4.0-SNAPSHOT\a3510e062f4e3d921241831770d36b5348393a5e\lwjgl-openxr-3.4.0-SNAPSHOT-natives-windows.jar;C:\Users\tasherca\.gradle\caches\modules-2\files-2.1\org.lwjgl\lwjgl-opus\3.4.0-SNAPSHOT\a7a52f2dd137f9f849ea3661216e4eeb16fc1f0f\lwjgl-opus-3.4.0-SNAPSHOT.jar;C:\Users\tasherca\.gradle\caches\modules-2\files-2.1\org.lwjgl\lwjgl-opus\3.4.0-SNAPSHOT\40d7a5ee87877765873a0bd9fbf8f6b169a8c420\lwjgl-opus-3.4.0-SNAPSHOT-natives-windows.jar;C:\Users\tasherca\.gradle\caches\modules-2\files-2.1\org.lwjgl\lwjgl-par\3.4.0-SNAPSHOT\7279ea2ad42569c19bce6b33bbb6e72f5376fab0\lwjgl-par-3.4.0-SNAPSHOT.jar;C:\Users\tasherca\.gradle\caches\modules-2\files-2.1\org.lwjgl\lwjgl-par\3.4.0-SNAPSHOT\a66d59a9d79476acd255172fa6169747ece1c512\lwjgl-par-3.4.0-SNAPSHOT-natives-windows.jar;C:\Users\tasherca\.gradle\caches\modules-2\files-2.1\org.lwjgl\lwjgl-remotery\3.4.0-SNAPSHOT\d15e6d033851fbe012b46be413cb275847753ea0\lwjgl-remotery-3.4.0-SNAPSHOT.jar;C:\Users\tasherca\.gradle\caches\modules-2\files-2.1\org.lwjgl\lwjgl-remotery\3.4.0-SNAPSHOT\a5d4020940cbf57ed7cb7c3919cd624b98b957ba\lwjgl-remotery-3.4.0-SNAPSHOT-natives-windows.jar;C:\Users\tasherca\.gradle\caches\modules-2\files-2.1\org.lwjgl\lwjgl-rpmalloc\3.4.0-SNAPSHOT\d00cd0a0f3f12f889b196f26edc82f939c4f83eb\lwjgl-rpmalloc-3.4.0-SNAPSHOT.jar;C:\Users\tasherca\.gradle\caches\modules-2\files-2.1\org.lwjgl\lwjgl-rpmalloc\3.4.0-SNAPSHOT\c24847a57abf492de684286e20e3ede23b7f0808\lwjgl-rpmalloc-3.4.0-SNAPSHOT-natives-windows.jar;C:\Users\tasherca\.gradle\caches\modules-2\files-2.1\org.lwjgl\lwjgl-sdl\3.4.0-SNAPSHOT\5e0592544ae6983250fbf4f31a0c2e1cf252a277\lwjgl-sdl-3.4.0-SNAPSHOT.jar;C:\Users\tasherca\.gradle\caches\modules-2\files-2.1\org.lwjgl\lwjgl-sdl\3.4.0-SNAPSHOT\d0a472fe0e3dcc83b13e819e080ab2e629ecb772\lwjgl-sdl-3.4.0-SNAPSHOT-natives-windows.jar;C:\Users\tasherca\.gradle\caches\modules-2\files-2.1\org.lwjgl\lwjgl-shaderc\3.4.0-SNAPSHOT\b801cc7ff2eae98db5db682e5e1d1334655be085\lwjgl-shaderc-3.4.0-SNAPSHOT.jar;C:\Users\tasherca\.gradle\caches\modules-2\files-2.1\org.lwjgl\lwjgl-shaderc\3.4.0-SNAPSHOT\bc0f23cffd29c8b06125e2f438f3d7a337b01504\lwjgl-shaderc-3.4.0-SNAPSHOT-natives-windows.jar;C:\Users\tasherca\.gradle\caches\modules-2\files-2.1\org.lwjgl\lwjgl-spng\3.4.0-SNAPSHOT\17a2f38b5dd517b88be5c2203b16df34572bae36\lwjgl-spng-3.4.0-SNAPSHOT.jar;C:\Users\tasherca\.gradle\caches\modules-2\files-2.1\org.lwjgl\lwjgl-spng\3.4.0-SNAPSHOT\6d4de5901daf6acf76efdfda71ff2a5f9fa286e5\lwjgl-spng-3.4.0-SNAPSHOT-natives-windows.jar;C:\Users\tasherca\.gradle\caches\modules-2\files-2.1\org.lwjgl\lwjgl-spvc\3.4.0-SNAPSHOT\1b6b958c394f50ae271a673f7077c60db6c493ae\lwjgl-spvc-3.4.0-SNAPSHOT.jar;C:\Users\tasherca\.gradle\caches\modules-2\files-2.1\org.lwjgl\lwjgl-spvc\3.4.0-SNAPSHOT\f424107611c8f1537bbf5af81f9c108b2ed7051d\lwjgl-spvc-3.4.0-SNAPSHOT-natives-windows.jar;C:\Users\tasherca\.gradle\caches\modules-2\files-2.1\org.lwjgl\lwjgl-stb\3.4.0-SNAPSHOT\e10e529b37f88ece3815a63500ead7519bef6497\lwjgl-stb-3.4.0-SNAPSHOT.jar;C:\Users\tasherca\.gradle\caches\modules-2\files-2.1\org.lwjgl\lwjgl-stb\3.4.0-SNAPSHOT\73080d3dfe85f96537f924ab8fa160860be581cb\lwjgl-stb-3.4.0-SNAPSHOT-natives-windows.jar;C:\Users\tasherca\.gradle\caches\modules-2\files-2.1\org.lwjgl\lwjgl-tinyexr\3.4.0-SNAPSHOT\81051e70ebec33d779ea3cd3df090458b80a699d\lwjgl-tinyexr-3.4.0-SNAPSHOT.jar;C:\Users\tasherca\.gradle\caches\modules-2\files-2.1\org.lwjgl\lwjgl-tinyexr\3.4.0-SNAPSHOT\ae5e0599b7424efc17714b364d7a6a07831eaf3b\lwjgl-tinyexr-3.4.0-SNAPSHOT-natives-windows.jar;C:\Users\tasherca\.gradle\caches\modules-2\files-2.1\org.lwjgl\lwjgl-tinyfd\3.4.0-SNAPSHOT\4a2cf55fb86a9b53dd2591cdf620cabf23a7e82d\lwjgl-tinyfd-3.4.0-SNAPSHOT.jar;C:\Users\tasherca\.gradle\caches\modules-2\files-2.1\org.lwjgl\lwjgl-tinyfd\3.4.0-SNAPSHOT\d3da71d0c8e0e2b6efa3ce6b60b32283790a3a64\lwjgl-tinyfd-3.4.0-SNAPSHOT-natives-windows.jar;C:\Users\tasherca\.gradle\caches\modules-2\files-2.1\org.lwjgl\lwjgl-vma\3.4.0-SNAPSHOT\be30702ef29e163b5e2040c331f86290e5d8b3a5\lwjgl-vma-3.4.0-SNAPSHOT.jar;C:\Users\tasherca\.gradle\caches\modules-2\files-2.1\org.lwjgl\lwjgl-vma\3.4.0-SNAPSHOT\779f7574095819e0679940052d65bdf054be620a\lwjgl-vma-3.4.0-SNAPSHOT-natives-windows.jar;C:\Users\tasherca\.gradle\caches\modules-2\files-2.1\org.lwjgl\lwjgl-vulkan\3.4.0-SNAPSHOT\9f79d70cff4a9260aecd761e43930cd06cd33f12\lwjgl-vulkan-3.4.0-SNAPSHOT.jar;C:\Users\tasherca\.gradle\caches\modules-2\files-2.1\org.lwjgl\lwjgl-xxhash\3.4.0-SNAPSHOT\c677ec7dfff7f56fcddec9668254b94fd48f4c7b\lwjgl-xxhash-3.4.0-SNAPSHOT.jar;C:\Users\tasherca\.gradle\caches\modules-2\files-2.1\org.lwjgl\lwjgl-xxhash\3.4.0-SNAPSHOT\750502e12e83e27be2d3fa53f0b41869bc0956af\lwjgl-xxhash-3.4.0-SNAPSHOT-natives-windows.jar;C:\Users\tasherca\.gradle\caches\modules-2\files-2.1\org.lwjgl\lwjgl-yoga\3.4.0-SNAPSHOT\59788d60be5644bcbd3c67fc088e110fbfae6f31\lwjgl-yoga-3.4.0-SNAPSHOT.jar;C:\Users\tasherca\.gradle\caches\modules-2\files-2.1\org.lwjgl\lwjgl-yoga\3.4.0-SNAPSHOT\8fcd28c40cd1e17eeea297ad552c1e5b56b01e3e\lwjgl-yoga-3.4.0-SNAPSHOT-natives-windows.jar;C:\Users\tasherca\.gradle\caches\modules-2\files-2.1\org.lwjgl\lwjgl-zstd\3.4.0-SNAPSHOT\6db4d3975b50e7765eb93f882442e8fc7f15c429\lwjgl-zstd-3.4.0-SNAPSHOT.jar;C:\Users\tasherca\.gradle\caches\modules-2\files-2.1\org.lwjgl\lwjgl-zstd\3.4.0-SNAPSHOT\47b68cac11b6fb25a08e1909f3a0f418b7b313f\lwjgl-zstd-3.4.0-SNAPSHOT-natives-windows.jar;C:\Users\tasherca\.gradle\caches\modules-2\files-2.1\org.lwjgl\lwjgl\3.4.0-SNAPSHOT\6fb529965356d62670ba54c739c92989f362b828\lwjgl-3.4.0-SNAPSHOT.jar;C:\Users\tasherca\.gradle\caches\modules-2\files-2.1\org.lwjgl\lwjgl\3.4.0-SNAPSHOT\296a4e6fa5366dba32fc6100a91c302c5eb7e7e6\lwjgl-3.4.0-SNAPSHOT-natives-windows.jar
Launcher Type: SUN_STANDARD

[Global flags]
     intx CICompilerCount                          = 4                                         {product} {ergonomic}
     uint ConcGCThreads                            = 2                                         {product} {ergonomic}
     bool EnableJVMCIProduct                       = true                                {JVMCI product} {jimage}
     uint G1ConcRefinementThreads                  = 8                                         {product} {ergonomic}
   size_t G1HeapRegionSize                         = 1048576                                   {product} {ergonomic}
    uintx GCDrainStackTargetSize                   = 64                                        {product} {ergonomic}
   size_t InitialHeapSize                          = 234881024                                 {product} {ergonomic}
   size_t MarkStackSize                            = 4194304                                   {product} {ergonomic}
   size_t MaxHeapSize                              = 2147483648                                {product} {command line}
   size_t MaxNewSize                               = 1287651328                                {product} {ergonomic}
   size_t MinHeapDeltaBytes                        = 1048576                                   {product} {ergonomic}
   size_t MinHeapSize                              = 8388608                                   {product} {ergonomic}
    uintx NonNMethodCodeHeapSize                   = 6979620                                {pd product} {ergonomic}
    uintx NonProfiledCodeHeapSize                  = 122339310                              {pd product} {ergonomic}
    uintx ProfiledCodeHeapSize                     = 122339310                              {pd product} {ergonomic}
    uintx ReservedCodeCacheSize                    = 251658240                              {pd product} {ergonomic}
     bool SegmentedCodeCache                       = true                                      {product} {ergonomic}
   size_t SoftMaxHeapSize                          = 2147483648                             {manageable} {ergonomic}
      int ThreadPriorityPolicy                     = 1                                         {product} {jimage}
     bool UseCompressedOops                        = true                           {product lp64_product} {ergonomic}
     bool UseG1GC                                  = true                                      {product} {ergonomic}
     bool UseLargePagesIndividualAllocation        = false                                  {pd product} {ergonomic}

Logging:
Log output configuration:
 #0: stdout all=warning uptime,level,tags foldmultilines=false
 #1: stderr all=off uptime,level,tags foldmultilines=false

Environment Variables:
PATH=C:\WINDOWS\system32;C:\WINDOWS;C:\WINDOWS\System32\Wbem;C:\WINDOWS\System32\WindowsPowerShell\v1.0\;C:\WINDOWS\System32\OpenSSH\;C:\ProgramData\chocolatey\bin;C:\Program Files\nodejs\;C:\Program Files\Git\cmd;C:\Program Files\PowerShell\7\;C:\Users\tasherca\AppData\Local\Programs\Python\Launcher\;C:\Users\tasherca\AppData\Local\Microsoft\WindowsApps;C:\Users\tasherca\AppData\Local\Microsoft\WinGet\Links;C:\Users\tasherca\AppData\Local\JetBrains\Toolbox\scripts;C:\Users\tasherca\AppData\Roaming\npm;C:\Program Files\nodejs;
USERNAME=tasherca
OS=Windows_NT
PROCESSOR_IDENTIFIER=AMD64 Family 23 Model 24 Stepping 1, AuthenticAMD
TMP=C:\Users\tasherca\AppData\Local\Temp
TEMP=C:\Users\tasherca\AppData\Local\Temp




Periodic native trim disabled

---------------  S Y S T E M  ---------------

OS:
 Windows 11 , 64 bit Build 26100 (10.0.26100.6725)
OS uptime: 0 days 1:16 hours
Hyper-V role detected

CPU: total 8 (initial active 8) (8 cores per cpu, 2 threads per core) family 23 model 24 stepping 1 microcode 0x8108109, cx8, cmov, fxsr, ht, mmx, 3dnowpref, sse, sse2, sse3, ssse3, sse4a, sse4.1, sse4.2, popcnt, lzcnt, tsc, tscinvbit, avx, avx2, aes, clmul, bmi1, bmi2, adx, sha, fma, vzeroupper, clflush, clflushopt, hv, rdtscp, f16c
Processor Information for processor 0
  Max Mhz: 2100, Current Mhz: 2100, Mhz Limit: 2100
Processor Information for processor 1
  Max Mhz: 2100, Current Mhz: 2100, Mhz Limit: 2100
Processor Information for processor 2
  Max Mhz: 2100, Current Mhz: 2100, Mhz Limit: 2100
Processor Information for processor 3
  Max Mhz: 2100, Current Mhz: 2100, Mhz Limit: 2100
Processor Information for processor 4
  Max Mhz: 2100, Current Mhz: 2100, Mhz Limit: 2100
Processor Information for processor 5
  Max Mhz: 2100, Current Mhz: 2100, Mhz Limit: 2100
Processor Information for processor 6
  Max Mhz: 2100, Current Mhz: 1400, Mhz Limit: 2100
Processor Information for processor 7
  Max Mhz: 2100, Current Mhz: 1400, Mhz Limit: 2100

Memory: 4k page, system-wide physical 14245M (7426M free)
TotalPageFile size 16933M (AvailPageFile size 2910M)
current process WorkingSet (physical memory assigned to process): 255M, peak: 255M
current process commit charge ("private bytes"): 516M, peak: 516M

vm_info: Java HotSpot(TM) 64-Bit Server VM (21.0.7+8-LTS-jvmci-23.1-b60) for windows-amd64 JRE (21.0.7+8-LTS-jvmci-23.1-b60), built on 2025-02-26T11:58:54Z by "OCIWIN11Buildbot" with MS VC++ 17.6 (VS2022)

END.
